passenger_id,hall_arrival_time,origin_floor,destination_floor,group_size,luggage_factor,call_time,assigned_car_id,board_time,arrival_time,status,waiting_time,ride_time,total_service_time
P00001,2.445,2,1,1,1.0,2.445,C1,7.445,15.245,ARRIVED,5.0,7.799999999999999,12.799999999999999
P00002,30.168,7,1,1,1.0,30.168,C1,47.668,73.26800000000001,ARRIVED,17.5,25.600000000000016,43.100000000000016
P00003,33.351,6,1,1,1.0,33.351,C1,54.868,73.26800000000001,ARRIVED,21.517000000000003,18.400000000000013,39.917000000000016
P00004,36.753,8,1,1,1.0,36.753,C3,56.753,79.553,ARRIVED,20.0,22.799999999999997,42.8
P00005,41.892,6,1,1,1.0,41.892,C2,56.892,100.59200000000003,ARRIVED,15.0,43.700000000000024,58.700000000000024
P00006,47.435,4,1,1,1.0,47.435,C2,81.29200000000002,100.59200000000003,ARRIVED,33.85700000000001,19.30000000000001,53.157000000000025
P00007,47.822,8,1,1,1.0,47.822,C2,66.59200000000001,100.59200000000003,ARRIVED,18.77000000000001,34.000000000000014,52.770000000000024
P00008,55.001,2,1,1,1.0,55.001,C2,90.99200000000002,100.59200000000003,ARRIVED,35.99100000000002,9.600000000000009,45.59100000000003
P00009,59.499,8,1,1,1.0,59.499,C3,101.053,142.35299999999998,ARRIVED,41.553999999999995,41.29999999999998,82.85399999999998
P00010,66.267,6,1,1,1.0,66.267,C1,94.46800000000002,118.16800000000002,ARRIVED,28.201000000000022,23.700000000000003,51.901000000000025
P00011,72.106,6,1,1,1.0,72.106,C3,110.753,142.35299999999998,ARRIVED,38.647000000000006,31.59999999999998,70.24699999999999
P00012,72.734,5,1,1,1.0,72.734,C1,87.26800000000001,118.16800000000002,ARRIVED,14.53400000000002,30.900000000000006,45.434000000000026
P00013,76.564,2,1,1,1.0,76.564,C1,109.16800000000002,118.16800000000002,ARRIVED,32.60400000000003,9.0,41.60400000000003
P00014,83.17,5,1,1,1.0,83.17,C3,117.953,142.35299999999998,ARRIVED,34.783,24.399999999999977,59.18299999999998
P00015,83.614,5,1,1,1.0,83.614,C3,117.953,142.35299999999998,ARRIVED,34.339,24.399999999999977,58.738999999999976
P00016,83.974,2,1,1,1.0,83.974,C3,131.553,142.35299999999998,ARRIVED,47.57899999999999,10.799999999999983,58.37899999999998
P00017,85.632,5,1,1,1.0,85.632,C3,117.953,142.35299999999998,ARRIVED,32.321,24.399999999999977,56.720999999999975
P00018,109.626,3,1,1,1.0,109.626,C2,117.126,127.426,ARRIVED,7.5,10.299999999999997,17.799999999999997
P00019,111.934,2,1,1,1.0,111.934,C1,124.66800000000002,142.768,ARRIVED,12.734000000000023,18.09999999999998,30.834000000000003
P00020,125.917,3,1,1,1.0,125.917,C1,131.86800000000002,142.768,ARRIVED,5.951000000000022,10.899999999999977,16.851
P00021,142.643,7,1,1,1.0,142.643,C3,161.35299999999998,227.45299999999992,ARRIVED,18.70999999999998,66.09999999999994,84.80999999999992
P00022,143.478,3,1,1,1.0,143.478,C1,151.768,162.06799999999998,ARRIVED,8.289999999999992,10.299999999999983,18.589999999999975
P00023,160.038,8,1,1,1.0,160.038,C3,168.55299999999997,227.45299999999992,ARRIVED,8.514999999999958,58.89999999999995,67.4149999999999
P00024,169.02,7,1,1,1.0,169.02,C3,175.75299999999996,227.45299999999992,ARRIVED,6.732999999999947,51.69999999999996,58.43299999999991
P00025,169.437,5,1,1,1.0,169.437,C3,185.45299999999995,227.45299999999992,ARRIVED,16.015999999999934,41.99999999999997,58.015999999999906
P00026,177.172,8,1,1,1.0,177.172,C2,197.172,219.97199999999998,ARRIVED,20.0,22.799999999999983,42.79999999999998
P00027,183.135,3,1,1,1.0,183.135,C3,213.55299999999994,227.45299999999992,ARRIVED,30.41799999999995,13.899999999999977,44.31799999999993
P00028,183.89,7,1,1,1.0,183.89,C3,195.15299999999993,227.45299999999992,ARRIVED,11.262999999999948,32.29999999999998,43.56299999999993
P00029,188.014,7,1,1,1.0,188.014,C3,195.15299999999993,227.45299999999992,ARRIVED,7.138999999999925,32.29999999999998,39.43899999999991
P00030,200.783,6,1,1,1.0,200.783,C1,215.783,238.88299999999995,ARRIVED,15.0,23.099999999999966,38.099999999999966
P00031,207.359,3,1,1,1.0,207.359,C1,227.98299999999998,238.88299999999995,ARRIVED,20.623999999999967,10.899999999999977,31.523999999999944
P00032,218.112,7,1,1,1.0,218.112,C3,246.45299999999992,272.0529999999999,ARRIVED,28.340999999999923,25.599999999999966,53.94099999999989
P00033,227.184,3,1,1,1.0,227.184,C2,234.684,265.28399999999993,ARRIVED,7.5,30.599999999999937,38.09999999999994
P00034,227.36,6,1,1,1.0,227.36,C2,246.884,265.28399999999993,ARRIVED,19.523999999999972,18.39999999999995,37.92399999999992
P00035,234.528,5,1,1,1.0,234.528,C1,252.88299999999995,268.183,ARRIVED,18.35499999999996,15.30000000000004,33.655
P00036,245.894,3,1,1,1.0,245.894,C3,261.1529999999999,272.0529999999999,ARRIVED,15.2589999999999,10.899999999999977,26.158999999999878
P00037,254.805,8,1,1,1.0,254.805,C2,286.78399999999993,309.58399999999995,ARRIVED,31.978999999999928,22.80000000000001,54.77899999999994
P00038,264.963,5,1,1,1.0,264.963,C1,282.183,348.68299999999994,ARRIVED,17.21999999999997,66.49999999999994,83.71999999999991
P00039,280.242,4,1,1,1.0,280.242,C3,290.242,323.94199999999995,ARRIVED,10.0,33.69999999999993,43.69999999999993
P00040,281.351,8,1,1,1.0,281.351,C1,294.383,348.68299999999994,ARRIVED,13.031999999999982,54.299999999999955,67.33199999999994
P00041,285.727,3,1,1,1.0,285.727,C1,311.58299999999997,348.68299999999994,ARRIVED,25.855999999999995,37.099999999999966,62.95599999999996
P00042,287.744,2,1,1,1.0,287.744,C1,338.48299999999995,348.68299999999994,ARRIVED,50.73899999999992,10.199999999999989,60.93899999999991
P00043,288.438,5,1,1,1.0,288.438,C3,297.442,323.94199999999995,ARRIVED,9.004000000000019,26.499999999999943,35.50399999999996
P00044,296.178,3,1,1,1.0,296.178,C3,307.142,323.94199999999995,ARRIVED,10.963999999999999,16.799999999999955,27.763999999999953
P00045,302.129,2,1,1,1.0,302.129,C3,314.342,323.94199999999995,ARRIVED,12.212999999999965,9.599999999999966,21.81299999999993
P00046,305.953,2,1,1,1.0,305.953,C2,316.08399999999995,374.3839999999999,ARRIVED,10.130999999999972,58.299999999999955,68.43099999999993
P00047,307.616,6,1,1,1.0,307.616,C1,323.78299999999996,348.68299999999994,ARRIVED,16.166999999999973,24.899999999999977,41.06699999999995
P00048,315.577,6,1,1,1.0,315.577,C2,330.78399999999993,374.3839999999999,ARRIVED,15.206999999999937,43.599999999999966,58.8069999999999
P00049,316.856,7,1,1,1.0,316.856,C3,342.94199999999995,369.8419999999999,ARRIVED,26.085999999999956,26.899999999999977,52.98599999999993
P00050,319.632,6,1,1,1.0,319.632,C2,330.78399999999993,374.3839999999999,ARRIVED,11.15199999999993,43.599999999999966,54.751999999999896
P00051,326.949,7,1,1,1.0,326.949,C2,341.6839999999999,374.3839999999999,ARRIVED,14.7349999999999,32.69999999999999,47.43499999999989
P00052,327.674,2,1,1,1.0,327.674,C3,360.14199999999994,369.8419999999999,ARRIVED,32.46799999999996,9.699999999999989,42.16799999999995
P00053,327.96,2,1,1,1.0,327.96,C3,360.14199999999994,369.8419999999999,ARRIVED,32.18199999999996,9.699999999999989,41.88199999999995
P00054,337.567,3,1,1,1.0,337.567,C2,356.3839999999999,374.3839999999999,ARRIVED,18.816999999999894,18.0,36.816999999999894
P00055,351.707,6,1,1,1.0,351.707,C1,366.707,389.80699999999996,ARRIVED,15.0,23.099999999999966,38.099999999999966
P00056,356.336,2,1,1,1.0,356.336,C1,381.407,389.80699999999996,ARRIVED,25.07099999999997,8.399999999999977,33.47099999999995
P00057,356.776,2,1,1,1.0,356.776,C2,363.5839999999999,374.3839999999999,ARRIVED,6.807999999999879,10.800000000000011,17.60799999999989
P00058,367.732,6,1,1,1.0,367.732,C2,390.8839999999999,408.6839999999999,ARRIVED,23.151999999999873,17.80000000000001,40.951999999999884
P00059,372.019,2,1,1,1.0,372.019,C3,377.019,425.419,ARRIVED,5.0,48.39999999999998,53.39999999999998
P00060,377.438,6,1,1,1.0,377.438,C3,391.719,425.419,ARRIVED,14.281000000000006,33.69999999999999,47.980999999999995
P00061,377.596,8,1,1,1.0,377.596,C3,401.419,425.419,ARRIVED,23.82299999999998,24.0,47.82299999999998
P00062,397.259,3,1,1,1.0,397.259,C1,404.759,415.059,ARRIVED,7.5,10.300000000000011,17.80000000000001
P00063,427.546,6,1,1,1.0,427.546,C3,442.546,460.346,ARRIVED,15.0,17.80000000000001,32.80000000000001
P00064,428.918,2,1,1,1.0,428.918,C1,433.918,441.718,ARRIVED,5.0,7.800000000000011,12.800000000000011
P00065,437.585,5,1,1,1.0,437.585,C2,450.085,465.385,ARRIVED,12.5,15.300000000000011,27.80000000000001
P00066,439.209,4,1,1,1.0,439.209,C1,453.218,466.01800000000003,ARRIVED,14.009000000000015,12.800000000000011,26.809000000000026
P00067,450.286,6,1,1,1.0,450.286,C3,476.846,519.5459999999999,ARRIVED,26.560000000000002,42.69999999999993,69.25999999999993
P00068,453.482,8,1,1,1.0,453.482,C3,486.546,519.5459999999999,ARRIVED,33.063999999999965,32.99999999999994,66.06399999999991
P00069,463.893,5,1,1,1.0,463.893,C1,480.01800000000003,495.31800000000004,ARRIVED,16.125000000000057,15.300000000000011,31.425000000000068
P00070,475.243,4,1,1,1.0,475.243,C2,485.243,498.043,ARRIVED,10.0,12.800000000000011,22.80000000000001
P00071,479.934,4,1,1,1.0,479.934,C3,501.246,519.5459999999999,ARRIVED,21.311999999999955,18.299999999999955,39.61199999999991
P00072,487.742,5,1,1,1.0,487.742,C1,509.31800000000004,540.2180000000001,ARRIVED,21.576000000000022,30.900000000000034,52.476000000000056
P00073,493.327,3,1,1,1.0,493.327,C2,507.043,572.1430000000001,ARRIVED,13.716000000000008,65.10000000000014,78.81600000000014
P00074,500.027,4,1,1,1.0,500.027,C3,501.246,519.5459999999999,ARRIVED,1.218999999999994,18.299999999999955,19.51899999999995
P00075,502.232,4,1,1,1.0,502.232,C2,514.2429999999999,572.1430000000001,ARRIVED,12.01099999999991,57.900000000000205,69.91100000000012
P00076,511.138,6,1,1,1.0,511.138,C1,516.518,540.2180000000001,ARRIVED,5.380000000000052,23.700000000000045,29.080000000000098
P00077,516.323,8,1,1,1.0,516.323,C2,528.943,572.1430000000001,ARRIVED,12.620000000000005,43.20000000000016,55.820000000000164
P00078,518.345,5,1,1,1.0,518.345,C1,523.7180000000001,540.2180000000001,ARRIVED,5.373000000000047,16.5,21.873000000000047
P00079,519.6,5,1,1,1.0,519.6,C2,541.143,572.1430000000001,ARRIVED,21.543000000000006,31.000000000000114,52.54300000000012
P00080,541.613,5,1,1,1.0,541.613,C2,544.8430000000001,572.1430000000001,ARRIVED,3.230000000000018,27.300000000000068,30.530000000000086
P00081,541.653,4,1,1,1.0,541.653,C2,552.0430000000001,572.1430000000001,ARRIVED,10.3900000000001,20.100000000000023,30.490000000000123
P00082,549.8,4,1,1,1.0,549.8,C2,552.0430000000001,572.1430000000001,ARRIVED,2.2430000000001655,20.100000000000023,22.34300000000019
P00083,560.675,3,1,1,1.0,560.675,C2,581.1430000000001,611.7430000000003,ARRIVED,20.46800000000019,30.600000000000136,51.068000000000325
P00084,562.507,6,1,1,1.0,562.507,C2,593.3430000000002,611.7430000000003,ARRIVED,30.83600000000024,18.40000000000009,49.23600000000033
P00085,565.839,3,1,1,1.0,565.839,C1,573.339,618.8390000000003,ARRIVED,7.5,45.50000000000023,53.00000000000023
P00086,570.01,5,1,1,1.0,570.01,C3,582.51,597.8100000000001,ARRIVED,12.5,15.300000000000068,27.800000000000068
P00087,574.084,5,1,1,1.0,574.084,C1,586.7390000000001,618.8390000000003,ARRIVED,12.6550000000002,32.100000000000136,44.75500000000034
P00088,574.354,3,1,1,1.0,574.354,C1,577.0390000000001,618.8390000000003,ARRIVED,2.685000000000059,41.80000000000018,44.48500000000024
P00089,578.515,6,1,1,1.0,578.515,C1,593.9390000000002,618.8390000000003,ARRIVED,15.424000000000206,24.90000000000009,40.3240000000003
P00090,590.248,5,1,1,1.0,590.248,C1,601.1390000000002,618.8390000000003,ARRIVED,10.89100000000019,17.700000000000045,28.591000000000236
P00091,606.732,5,1,1,1.0,606.732,C1,632.8390000000003,648.1390000000004,ARRIVED,26.107000000000312,15.300000000000068,41.40700000000038
P00092,613.223,3,1,1,1.0,613.223,C3,620.723,635.3230000000001,ARRIVED,7.5,14.600000000000136,22.100000000000136
P00093,620.612,2,1,1,1.0,620.612,C2,625.612,633.412,ARRIVED,5.0,7.800000000000068,12.800000000000068
P00094,621.802,3,1,1,1.0,621.802,C3,624.423,635.3230000000001,ARRIVED,2.620999999999981,10.900000000000091,13.521000000000072
P00095,644.645,6,1,1,1.0,644.645,C1,664.6390000000004,682.4390000000004,ARRIVED,19.99400000000037,17.800000000000068,37.79400000000044
P00096,675.104,8,1,1,1.0,675.104,C1,703.9390000000004,747.6390000000006,ARRIVED,28.835000000000377,43.70000000000016,72.53500000000054
P00097,685.668,7,1,1,1.0,685.668,C2,703.168,723.4680000000001,ARRIVED,17.5,20.300000000000068,37.80000000000007
P00098,686.889,6,1,1,1.0,686.889,C3,701.889,734.9890000000001,ARRIVED,15.0,33.100000000000136,48.100000000000136
P00099,688.373,8,1,1,1.0,688.373,C3,711.589,734.9890000000001,ARRIVED,23.216000000000008,23.40000000000009,46.6160000000001
P00100,693.435,5,1,1,1.0,693.435,C1,720.8390000000005,747.6390000000006,ARRIVED,27.404000000000565,26.800000000000068,54.20400000000063
P00101,693.583,7,1,1,1.0,693.583,C1,711.1390000000005,747.6390000000006,ARRIVED,17.556000000000495,36.500000000000114,54.05600000000061
P00102,712.405,2,1,1,1.0,712.405,C2,729.9680000000001,737.7680000000001,ARRIVED,17.563000000000102,7.800000000000068,25.36300000000017
P00103,718.945,6,1,1,1.0,718.945,C1,728.0390000000006,747.6390000000006,ARRIVED,9.094000000000506,19.600000000000023,28.69400000000053
P00104,721.346,4,1,1,1.0,721.346,C3,746.4890000000001,759.2890000000002,ARRIVED,25.143000000000143,12.800000000000068,37.94300000000021
P00105,734.594,8,1,1,1.0,734.594,C2,759.2680000000001,782.0680000000002,ARRIVED,24.674000000000092,22.800000000000068,47.47400000000016
P00106,734.62,3,1,1,1.0,734.62,C1,756.6390000000006,766.9390000000006,ARRIVED,22.019000000000574,10.300000000000068,32.31900000000064
P00107,753.921,7,1,1,1.0,753.921,C3,778.2890000000002,798.5890000000003,ARRIVED,24.368000000000166,20.300000000000068,44.668000000000234
P00108,789.583,4,1,1,1.0,789.583,C1,799.583,817.6830000000001,ARRIVED,10.0,18.100000000000136,28.100000000000136
P00109,789.751,3,1,1,1.0,789.751,C1,806.783,817.6830000000001,ARRIVED,17.03200000000004,10.900000000000091,27.93200000000013
P00110,792.235,2,1,1,1.0,792.235,C2,797.235,816.635,ARRIVED,5.0,19.399999999999977,24.399999999999977
P00111,793.087,3,1,1,1.0,793.087,C2,804.4350000000001,816.635,ARRIVED,11.34800000000007,12.199999999999932,23.548000000000002
P00112,793.305,3,1,1,1.0,793.305,C2,804.4350000000001,816.635,ARRIVED,11.13000000000011,12.199999999999932,23.33000000000004
P00113,828.239,5,1,1,1.0,828.239,C2,840.739,856.0390000000001,ARRIVED,12.5,15.300000000000068,27.800000000000068
P00114,828.685,8,1,1,1.0,828.685,C1,848.685,893.6850000000001,ARRIVED,20.0,45.000000000000114,65.00000000000011
P00115,828.961,7,1,1,1.0,828.961,C3,846.461,882.3610000000001,ARRIVED,17.5,35.90000000000009,53.40000000000009
P00116,836.706,5,1,1,1.0,836.706,C1,860.885,893.6850000000001,ARRIVED,24.178999999999974,32.80000000000007,56.97900000000004
P00117,847.932,5,1,1,1.0,847.932,C2,870.0390000000001,885.3390000000002,ARRIVED,22.107000000000085,15.300000000000068,37.40700000000015
P00118,848.292,8,1,1,1.0,848.292,C3,853.6610000000001,882.3610000000001,ARRIVED,5.369000000000028,28.700000000000045,34.069000000000074
P00119,850.958,7,1,1,1.0,850.958,C3,860.8610000000001,882.3610000000001,ARRIVED,9.903000000000134,21.5,31.403000000000134
P00120,860.644,4,1,1,1.0,860.644,C1,868.085,893.6850000000001,ARRIVED,7.441000000000031,25.600000000000023,33.041000000000054
P00121,861.016,4,1,1,1.0,861.016,C1,868.085,893.6850000000001,ARRIVED,7.069000000000074,25.600000000000023,32.669000000000096
P00122,864.748,5,1,1,1.0,864.748,C1,875.985,893.6850000000001,ARRIVED,11.236999999999966,17.700000000000045,28.937000000000012
P00123,910.2,7,1,1,1.0,910.2,C1,927.7,948.0000000000001,ARRIVED,17.5,20.300000000000068,37.80000000000007
P00124,925.666,8,1,1,1.0,925.666,C3,945.666,968.4660000000001,ARRIVED,20.0,22.800000000000068,42.80000000000007
P00125,930.461,6,1,1,1.0,930.461,C1,964.5000000000001,982.3000000000002,ARRIVED,34.0390000000001,17.800000000000068,51.83900000000017
P00126,946.185,4,1,1,1.0,946.185,C2,956.185,968.985,ARRIVED,10.0,12.800000000000068,22.800000000000068
P00127,967.833,7,1,1,1.0,967.833,C1,1001.3000000000002,1045.1000000000004,ARRIVED,33.46700000000021,43.80000000000018,77.2670000000004
P00128,974.44,7,1,1,1.0,974.44,C1,1001.3000000000002,1045.1000000000004,ARRIVED,26.860000000000127,43.80000000000018,70.66000000000031
P00129,981.911,4,1,1,1.0,981.911,C3,991.911,1020.311,ARRIVED,10.0,28.40000000000009,38.40000000000009
P00130,985.263,2,1,1,1.0,985.263,C3,1011.311,1020.311,ARRIVED,26.048000000000002,9.0,35.048
P00131,990.802,4,1,1,1.0,990.802,C1,1028.6000000000004,1045.1000000000004,ARRIVED,37.79800000000034,16.5,54.29800000000034
P00132,992.13,5,1,1,1.0,992.13,C3,999.111,1020.311,ARRIVED,6.9809999999999945,21.200000000000045,28.18100000000004
P00133,992.619,7,1,1,1.0,992.619,C2,1010.119,1046.3190000000004,ARRIVED,17.5,36.20000000000039,53.70000000000039
P00134,992.946,4,1,1,1.0,992.946,C2,1027.0190000000002,1046.3190000000004,ARRIVED,34.07300000000021,19.300000000000182,53.37300000000039
P00135,996.64,4,1,1,1.0,996.64,C1,1028.6000000000004,1045.1000000000004,ARRIVED,31.960000000000377,16.5,48.46000000000038
P00136,1001.015,3,1,1,1.0,1001.015,C2,1034.2190000000003,1046.3190000000004,ARRIVED,33.20400000000029,12.100000000000136,45.30400000000043
P00137,1002.785,8,1,1,1.0,1002.785,C1,1009.2000000000002,1045.1000000000004,ARRIVED,6.415000000000191,35.900000000000205,42.315000000000396
P00138,1006.142,6,1,1,1.0,1006.142,C1,1018.9000000000002,1045.1000000000004,ARRIVED,12.758000000000152,26.20000000000016,38.95800000000031
P00139,1012.093,5,1,1,1.0,1012.093,C2,1019.8190000000001,1046.3190000000004,ARRIVED,7.726000000000113,26.50000000000034,34.226000000000454
P00140,1013.699,7,1,1,1.0,1013.699,C3,1039.3110000000001,1064.9110000000003,ARRIVED,25.612000000000194,25.600000000000136,51.21200000000033
P00141,1040.744,6,1,1,1.0,1040.744,C3,1046.5110000000002,1064.9110000000003,ARRIVED,5.76700000000028,18.40000000000009,24.16700000000037
P00142,1060.852,6,1,1,1.0,1060.852,C3,1081.4110000000003,1114.8110000000004,ARRIVED,20.559000000000196,33.40000000000009,53.95900000000029
P00143,1060.993,5,1,1,1.0,1060.993,C3,1088.6110000000003,1114.8110000000004,ARRIVED,27.618000000000393,26.200000000000045,53.81800000000044
P00144,1072.812,2,1,1,1.0,1072.812,C1,1077.812,1085.6119999999999,ARRIVED,5.0,7.7999999999999545,12.799999999999955
P00145,1085.229,6,1,1,1.0,1085.229,C3,1095.8110000000004,1114.8110000000004,ARRIVED,10.582000000000335,19.0,29.582000000000335
P00146,1097.345,4,1,1,1.0,1097.345,C1,1107.345,1125.4450000000002,ARRIVED,10.0,18.100000000000136,28.100000000000136
P00147,1105.364,2,1,1,1.0,1105.364,C1,1117.045,1125.4450000000002,ARRIVED,11.68100000000004,8.400000000000091,20.08100000000013
P00148,1126.44,3,1,1,1.0,1126.44,C2,1133.94,1164.5400000000002,ARRIVED,7.5,30.600000000000136,38.100000000000136
P00149,1128.903,6,1,1,1.0,1128.903,C2,1146.14,1164.5400000000002,ARRIVED,17.23700000000008,18.40000000000009,35.63700000000017
P00150,1135.076,4,1,1,1.0,1135.076,C1,1145.076,1157.876,ARRIVED,10.0,12.799999999999955,22.799999999999955
P00151,1149.521,3,1,1,1.0,1149.521,C1,1166.876,1177.176,ARRIVED,17.355000000000018,10.299999999999955,27.654999999999973
P00152,1154.603,5,1,1,1.0,1154.603,C2,1178.5400000000002,1200.4400000000003,ARRIVED,23.937000000000126,21.90000000000009,45.83700000000022
P00153,1158.225,5,1,1,1.0,1158.225,C2,1178.5400000000002,1200.4400000000003,ARRIVED,20.315000000000282,21.90000000000009,42.21500000000037
P00154,1158.652,4,1,1,1.0,1158.652,C2,1186.4400000000003,1200.4400000000003,ARRIVED,27.78800000000024,14.0,41.78800000000024
P00155,1188.586,8,1,1,1.0,1188.586,C1,1208.586,1236.6860000000001,ARRIVED,20.0,28.100000000000136,48.100000000000136
P00156,1198.749,2,1,1,1.0,1198.749,C2,1206.9400000000003,1214.7400000000002,ARRIVED,8.191000000000258,7.7999999999999545,15.991000000000213
P00157,1201.54,4,1,1,1.0,1201.54,C1,1223.286,1236.6860000000001,ARRIVED,21.746000000000095,13.400000000000091,35.146000000000186
P00158,1272.446,7,1,1,1.0,1272.446,C3,1289.946,1310.2459999999999,ARRIVED,17.5,20.299999999999955,37.799999999999955
P00159,1276.883,7,1,1,1.0,1276.883,C1,1294.383,1350.5830000000003,ARRIVED,17.5,56.20000000000027,73.70000000000027
P00160,1277.098,2,1,1,1.0,1277.098,C2,1282.098,1310.198,ARRIVED,5.0,28.100000000000136,33.100000000000136
P00161,1279.293,8,1,1,1.0,1279.293,C1,1301.583,1350.5830000000003,ARRIVED,22.29000000000019,49.00000000000023,71.29000000000042
P00162,1283.235,5,1,1,1.0,1283.235,C2,1294.298,1310.198,ARRIVED,11.063000000000102,15.900000000000091,26.963000000000193
P00163,1297.096,2,1,1,1.0,1297.096,C1,1321.2830000000001,1350.5830000000003,ARRIVED,24.187000000000126,29.300000000000182,53.48700000000031
P00164,1302.471,8,1,1,1.0,1302.471,C3,1331.7459999999999,1354.5459999999998,ARRIVED,29.274999999999864,22.799999999999955,52.07499999999982
P00165,1316.762,5,1,1,1.0,1316.762,C1,1333.4830000000002,1350.5830000000003,ARRIVED,16.72100000000023,17.100000000000136,33.82100000000037
P00166,1319.924,6,1,1,1.0,1319.924,C2,1334.924,1352.724,ARRIVED,15.0,17.799999999999955,32.799999999999955
P00167,1363.762,6,1,1,1.0,1363.762,C2,1378.762,1396.562,ARRIVED,15.0,17.799999999999955,32.799999999999955
P00168,1372.166,8,1,1,1.0,1372.166,C3,1392.166,1414.966,ARRIVED,20.0,22.799999999999955,42.799999999999955
P00169,1375.444,4,1,1,1.0,1375.444,C1,1385.444,1398.244,ARRIVED,10.0,12.799999999999955,22.799999999999955
P00170,1385.906,7,1,1,1.0,1385.906,C2,1415.562,1435.8619999999999,ARRIVED,29.65599999999995,20.299999999999955,49.955999999999904
P00171,1403.433,4,1,1,1.0,1403.433,C3,1446.166,1471.4660000000001,ARRIVED,42.73299999999995,25.300000000000182,68.03300000000013
P00172,1405.721,4,1,1,1.0,1405.721,C3,1446.166,1471.4660000000001,ARRIVED,40.444999999999936,25.300000000000182,65.74500000000012
P00173,1407.82,7,1,1,1.0,1407.82,C3,1433.966,1471.4660000000001,ARRIVED,26.145999999999958,37.50000000000023,63.646000000000186
P00174,1410.199,7,1,1,1.0,1410.199,C1,1427.699,1454.5990000000002,ARRIVED,17.5,26.90000000000009,44.40000000000009
P00175,1416.832,2,1,1,1.0,1416.832,C1,1444.8990000000001,1454.5990000000002,ARRIVED,28.067000000000007,9.700000000000045,37.76700000000005
P00176,1418.168,5,1,1,1.0,1418.168,C2,1460.262,1492.362,ARRIVED,42.09400000000005,32.100000000000136,74.19400000000019
P00177,1419.176,6,1,1,1.0,1419.176,C2,1452.3619999999999,1492.362,ARRIVED,33.18599999999992,40.00000000000023,73.18600000000015
P00178,1420.308,2,1,1,1.0,1420.308,C1,1444.8990000000001,1454.5990000000002,ARRIVED,24.591000000000122,9.700000000000045,34.29100000000017
P00179,1425.638,6,1,1,1.0,1425.638,C2,1452.3619999999999,1492.362,ARRIVED,26.723999999999933,40.00000000000023,66.72400000000016
P00180,1437.047,3,1,1,1.0,1437.047,C3,1454.066,1471.4660000000001,ARRIVED,17.019000000000005,17.40000000000009,34.419000000000096
P00181,1440.648,2,1,1,1.0,1440.648,C3,1461.266,1471.4660000000001,ARRIVED,20.618000000000166,10.200000000000045,30.81800000000021
P00182,1448.871,7,1,1,1.0,1448.871,C1,1473.5990000000002,1493.8990000000001,ARRIVED,24.728000000000065,20.299999999999955,45.02800000000002
P00183,1457.476,6,1,1,1.0,1457.476,C2,1467.462,1492.362,ARRIVED,9.985999999999876,24.90000000000009,34.88599999999997
P00184,1467.179,4,1,1,1.0,1467.179,C2,1477.162,1492.362,ARRIVED,9.982999999999947,15.200000000000045,25.182999999999993
P00185,1478.778,8,1,1,1.0,1478.778,C1,1520.0990000000002,1553.0990000000004,ARRIVED,41.32100000000014,33.00000000000023,74.32100000000037
P00186,1488.745,7,1,1,1.0,1488.745,C1,1512.8990000000001,1553.0990000000004,ARRIVED,24.154000000000224,40.20000000000027,64.3540000000005
P00187,1501.294,4,1,1,1.0,1501.294,C2,1511.294,1554.6940000000002,ARRIVED,10.0,43.40000000000009,53.40000000000009
P00188,1504.547,8,1,1,1.0,1504.547,C2,1525.9940000000001,1554.6940000000002,ARRIVED,21.447000000000116,28.700000000000045,50.14700000000016
P00189,1518.142,7,1,1,1.0,1518.142,C1,1530.9990000000003,1553.0990000000004,ARRIVED,12.857000000000198,22.100000000000136,34.957000000000335
P00190,1520.702,8,1,1,1.0,1520.702,C1,1523.7990000000002,1553.0990000000004,ARRIVED,3.0970000000002074,29.300000000000182,32.39700000000039
P00191,1526.039,6,1,1,1.0,1526.039,C2,1535.6940000000002,1554.6940000000002,ARRIVED,9.6550000000002,19.0,28.6550000000002
P00192,1534.639,2,1,1,1.0,1534.639,C3,1539.639,1572.039,ARRIVED,5.0,32.40000000000009,37.40000000000009
P00193,1536.031,5,1,1,1.0,1536.031,C3,1555.539,1572.039,ARRIVED,19.508000000000038,16.5,36.00800000000004
P00194,1540.123,2,1,1,1.0,1540.123,C3,1543.339,1572.039,ARRIVED,3.2159999999998945,28.700000000000045,31.91599999999994
P00195,1568.52,5,1,1,1.0,1568.52,C3,1586.039,1601.339,ARRIVED,17.519000000000005,15.299999999999955,32.81899999999996
P00196,1571.321,7,1,1,1.0,1571.321,C1,1588.821,1609.1209999999999,ARRIVED,17.5,20.299999999999955,37.799999999999955
P00197,1600.54,4,1,1,1.0,1600.54,C2,1610.54,1643.94,ARRIVED,10.0,33.40000000000009,43.40000000000009
P00198,1603.648,4,1,1,1.0,1603.648,C1,1620.6209999999999,1633.4209999999998,ARRIVED,16.972999999999956,12.799999999999955,29.77299999999991
P00199,1607.472,6,1,1,1.0,1607.472,C2,1624.94,1643.94,ARRIVED,17.468000000000075,19.0,36.468000000000075
P00200,1611.416,5,1,1,1.0,1611.416,C2,1617.74,1643.94,ARRIVED,6.324000000000069,26.200000000000045,32.524000000000115
P00201,1624.612,2,1,1,1.0,1624.612,C3,1629.612,1637.412,ARRIVED,5.0,7.7999999999999545,12.799999999999955
P00202,1632.985,2,1,1,1.0,1632.985,C3,1643.912,1651.712,ARRIVED,10.927000000000135,7.7999999999999545,18.72700000000009
P00203,1650.629,6,1,1,1.0,1650.629,C1,1665.629,1683.4289999999999,ARRIVED,15.0,17.799999999999955,32.799999999999955
P00204,1660.148,3,1,1,1.0,1660.148,C2,1667.648,1677.9479999999999,ARRIVED,7.5,10.299999999999955,17.799999999999955
P00205,1663.935,2,1,1,1.0,1663.935,C3,1668.935,1676.735,ARRIVED,5.0,7.7999999999999545,12.799999999999955
P00206,1671.711,6,1,1,1.0,1671.711,C1,1699.9289999999999,1723.029,ARRIVED,28.217999999999847,23.100000000000136,51.317999999999984
P00207,1676.471,2,1,1,1.0,1676.471,C3,1683.235,1725.9350000000002,ARRIVED,6.763999999999896,42.70000000000027,49.46400000000017
P00208,1683.463,5,1,1,1.0,1683.463,C3,1695.435,1725.9350000000002,ARRIVED,11.97199999999998,30.500000000000227,42.47200000000021
P00209,1685.393,2,1,1,1.0,1685.393,C1,1714.629,1723.029,ARRIVED,29.235999999999876,8.400000000000091,37.63599999999997
P00210,1695.443,6,1,1,1.0,1695.443,C3,1702.635,1725.9350000000002,ARRIVED,7.192000000000007,23.300000000000182,30.49200000000019
P00211,1698.208,2,1,1,1.0,1698.208,C2,1703.208,1711.008,ARRIVED,5.0,7.7999999999999545,12.799999999999955
P00212,1700.253,6,1,1,1.0,1700.253,C3,1702.635,1725.9350000000002,ARRIVED,2.382000000000062,23.300000000000182,25.682000000000244
P00213,1707.326,3,1,1,1.0,1707.326,C2,1720.008,1781.5080000000003,ARRIVED,12.682000000000016,61.50000000000023,74.18200000000024
P00214,1711.612,8,1,1,1.0,1711.612,C2,1737.208,1781.5080000000003,ARRIVED,25.596000000000004,44.30000000000018,69.89600000000019
P00215,1712.649,2,1,1,1.0,1712.649,C3,1732.4350000000002,1760.5350000000003,ARRIVED,19.786000000000286,28.100000000000136,47.88600000000042
P00216,1727.998,5,1,1,1.0,1727.998,C2,1749.4080000000001,1781.5080000000003,ARRIVED,21.410000000000082,32.100000000000136,53.51000000000022
P00217,1728.501,6,1,1,1.0,1728.501,C2,1756.6080000000002,1781.5080000000003,ARRIVED,28.1070000000002,24.90000000000009,53.00700000000029
P00218,1731.554,5,1,1,1.0,1731.554,C3,1744.6350000000002,1760.5350000000003,ARRIVED,13.081000000000131,15.900000000000091,28.981000000000222
P00219,1744.741,3,1,1,1.0,1744.741,C1,1752.241,1762.541,ARRIVED,7.5,10.299999999999955,17.799999999999955
P00220,1755.129,5,1,1,1.0,1755.129,C2,1763.8080000000002,1781.5080000000003,ARRIVED,8.679000000000315,17.700000000000045,26.37900000000036
P00221,1755.95,7,1,1,1.0,1755.95,C1,1781.541,1813.441,ARRIVED,25.590999999999894,31.90000000000009,57.490999999999985
P00222,1757.554,7,1,1,1.0,1757.554,C1,1781.541,1813.441,ARRIVED,23.986999999999853,31.90000000000009,55.886999999999944
P00223,1760.177,5,1,1,1.0,1760.177,C3,1779.2350000000004,1795.1350000000004,ARRIVED,19.058000000000447,15.900000000000091,34.95800000000054
P00224,1761.694,3,1,1,1.0,1761.694,C3,1769.5350000000003,1795.1350000000004,ARRIVED,7.841000000000349,25.600000000000136,33.441000000000486
P00225,1765.299,8,1,1,1.0,1765.299,C1,1789.441,1813.441,ARRIVED,24.142000000000053,24.0,48.14200000000005
P00226,1775.68,8,1,1,1.0,1775.68,C2,1803.0080000000003,1857.0080000000005,ARRIVED,27.328000000000202,54.00000000000023,81.32800000000043
P00227,1782.614,8,1,1,1.0,1782.614,C3,1816.6350000000004,1845.0350000000005,ARRIVED,34.02100000000041,28.40000000000009,62.421000000000504
P00228,1784.093,8,1,1,1.0,1784.093,C3,1816.6350000000004,1845.0350000000005,ARRIVED,32.54200000000037,28.40000000000009,60.94200000000046
P00229,1791.02,5,1,1,1.0,1791.02,C2,1815.2080000000003,1857.0080000000005,ARRIVED,24.18800000000033,41.80000000000018,65.98800000000051
P00230,1795.582,2,1,1,1.0,1795.582,C2,1827.4080000000004,1857.0080000000005,ARRIVED,31.82600000000025,29.600000000000136,61.426000000000386
P00231,1800.11,7,1,1,1.0,1800.11,C1,1832.441,1858.0410000000002,ARRIVED,32.33100000000013,25.600000000000136,57.93100000000027
P00232,1819.45,8,1,1,1.0,1819.45,C3,1821.0350000000005,1845.0350000000005,ARRIVED,1.5850000000004911,24.0,25.58500000000049
P00233,1820.708,4,1,1,1.0,1820.708,C2,1837.1080000000004,1857.0080000000005,ARRIVED,16.40000000000032,19.90000000000009,36.30000000000041
P00234,1820.716,6,1,1,1.0,1820.716,C1,1839.641,1858.0410000000002,ARRIVED,18.925000000000182,18.40000000000009,37.32500000000027
P00235,1824.574,3,1,1,1.0,1824.574,C2,1844.3080000000004,1857.0080000000005,ARRIVED,19.73400000000038,12.700000000000045,32.434000000000424
P00236,1828.017,4,1,1,1.0,1828.017,C3,1856.5350000000005,1869.3350000000005,ARRIVED,28.518000000000484,12.799999999999955,41.31800000000044
P00237,1845.247,6,1,1,1.0,1845.247,C1,1874.5410000000002,1892.3410000000001,ARRIVED,29.294000000000096,17.799999999999955,47.09400000000005
P00238,1852.571,2,1,1,1.0,1852.571,C2,1863.5080000000005,1875.6080000000006,ARRIVED,10.93700000000058,12.100000000000136,23.037000000000717
P00239,1862.443,2,1,1,1.0,1862.443,C2,1863.5080000000005,1875.6080000000006,ARRIVED,1.0650000000005093,12.100000000000136,13.165000000000646
P00240,1871.454,4,1,1,1.0,1871.454,C2,1887.1080000000006,1899.9080000000006,ARRIVED,15.654000000000678,12.799999999999955,28.454000000000633
P00241,1876.863,8,1,1,1.0,1876.863,C1,1913.8410000000001,1941.9410000000003,ARRIVED,36.978000000000065,28.100000000000136,65.0780000000002
P00242,1900.686,3,1,1,1.0,1900.686,C1,1931.0410000000002,1941.9410000000003,ARRIVED,30.355000000000246,10.900000000000091,41.25500000000034
P00243,1915.86,6,1,1,1.0,1915.86,C2,1930.86,1958.96,ARRIVED,15.0,28.100000000000136,43.100000000000136
P00244,1932.577,7,1,1,1.0,1932.577,C2,1938.06,1958.96,ARRIVED,5.482999999999947,20.90000000000009,26.383000000000038
P00245,1958.365,8,1,1,1.0,1958.365,C2,1980.46,2003.26,ARRIVED,22.095000000000027,22.799999999999955,44.89499999999998
P00246,1958.529,3,1,1,1.0,1958.529,C1,1966.029,1976.329,ARRIVED,7.5,10.299999999999955,17.799999999999955
P00247,1975.296,6,1,1,1.0,1975.296,C1,1992.829,2010.629,ARRIVED,17.5329999999999,17.799999999999955,35.332999999999856
P00248,1998.725,2,1,1,1.0,1998.725,C3,2003.725,2011.5249999999999,ARRIVED,5.0,7.7999999999999545,12.799999999999955
P00249,2007.582,2,1,1,1.0,2007.582,C3,2018.0249999999999,2030.125,ARRIVED,10.442999999999756,12.100000000000136,22.542999999999893
P00250,2016.787,2,1,1,1.0,2016.787,C3,2018.0249999999999,2030.125,ARRIVED,1.237999999999829,12.100000000000136,13.337999999999965
P00251,2024.882,2,1,1,1.0,2024.882,C3,2036.625,2044.425,ARRIVED,11.742999999999938,7.7999999999999545,19.542999999999893
P00252,2027.256,3,1,1,1.0,2027.256,C2,2034.756,2045.056,ARRIVED,7.5,10.299999999999955,17.799999999999955
P00253,2031.268,3,1,1,1.0,2031.268,C1,2038.768,2049.0679999999998,ARRIVED,7.5,10.299999999999727,17.799999999999727
P00254,2041.099,3,1,1,1.0,2041.099,C3,2053.425,2074.0249999999996,ARRIVED,12.32600000000025,20.599999999999454,32.9259999999997
P00255,2044.672,7,1,1,1.0,2044.672,C1,2068.0679999999998,2088.3679999999995,ARRIVED,23.39599999999973,20.299999999999727,43.69599999999946
P00256,2046.118,4,1,1,1.0,2046.118,C3,2060.625,2074.0249999999996,ARRIVED,14.507000000000062,13.399999999999636,27.906999999999698
P00257,2048.58,2,1,1,1.0,2048.58,C2,2053.58,2071.6799999999994,ARRIVED,5.0,18.099999999999454,23.099999999999454
P00258,2048.725,3,1,1,1.0,2048.725,C2,2060.7799999999997,2071.6799999999994,ARRIVED,12.054999999999836,10.899999999999636,22.954999999999472
P00259,2072.635,6,1,1,1.0,2072.635,C1,2124.9679999999994,2149.867999999999,ARRIVED,52.332999999999174,24.899999999999636,77.23299999999881
P00260,2075.62,7,1,1,1.0,2075.62,C1,2107.3679999999995,2149.867999999999,ARRIVED,31.747999999999593,42.499999999999545,74.24799999999914
P00261,2078.456,3,1,1,1.0,2078.456,C1,2137.167999999999,2149.867999999999,ARRIVED,58.71199999999908,12.699999999999818,71.4119999999989
P00262,2080.62,4,1,1,1.0,2080.62,C3,2090.62,2103.4199999999996,ARRIVED,10.0,12.799999999999727,22.799999999999727
P00263,2082.303,7,1,1,1.0,2082.303,C1,2107.3679999999995,2149.867999999999,ARRIVED,25.0649999999996,42.499999999999545,67.56499999999915
P00264,2082.473,8,1,1,1.0,2082.473,C1,2115.2679999999996,2149.867999999999,ARRIVED,32.79499999999962,34.599999999999454,67.39499999999907
P00265,2087.425,6,1,1,1.0,2087.425,C2,2102.425,2125.5249999999996,ARRIVED,15.0,23.099999999999454,38.099999999999454
P00266,2103.278,7,1,1,1.0,2103.278,C3,2122.4199999999996,2148.019999999999,ARRIVED,19.141999999999825,25.599999999999454,44.74199999999928
P00267,2104.521,4,1,1,1.0,2104.521,C2,2112.125,2125.5249999999996,ARRIVED,7.6039999999998145,13.399999999999636,21.00399999999945
P00268,2107.086,2,1,1,1.0,2107.086,C3,2139.6199999999994,2148.019999999999,ARRIVED,32.53399999999965,8.399999999999636,40.93399999999929
P00269,2117.481,7,1,1,1.0,2117.481,C2,2144.5249999999996,2171.4249999999997,ARRIVED,27.043999999999414,26.90000000000009,53.943999999999505
P00270,2117.53,7,1,1,1.0,2117.53,C2,2144.5249999999996,2171.4249999999997,ARRIVED,26.994999999999436,26.90000000000009,53.89499999999953
P00271,2136.835,5,1,1,1.0,2136.835,C2,2154.9249999999997,2171.4249999999997,ARRIVED,18.08999999999969,16.5,34.58999999999969
P00272,2139.757,3,1,1,1.0,2139.757,C1,2158.867999999999,2178.7679999999987,ARRIVED,19.110999999998967,19.899999999999636,39.0109999999986
P00273,2145.659,6,1,1,1.0,2145.659,C3,2164.519999999999,2197.9199999999987,ARRIVED,18.860999999998967,33.399999999999636,52.2609999999986
P00274,2155.327,3,1,1,1.0,2155.327,C3,2176.719999999999,2197.9199999999987,ARRIVED,21.392999999998665,21.199999999999818,42.59299999999848
P00275,2160.636,2,1,1,1.0,2160.636,C1,2166.067999999999,2178.7679999999987,ARRIVED,5.4319999999988795,12.699999999999818,18.131999999998698
P00276,2166.794,4,1,1,1.0,2166.794,C3,2183.9199999999987,2197.9199999999987,ARRIVED,17.12599999999884,14.0,31.12599999999884
P00277,2167.941,2,1,1,1.0,2167.941,C1,2169.7679999999987,2178.7679999999987,ARRIVED,1.8269999999988613,9.0,10.826999999998861
P00278,2177.546,3,1,1,1.0,2177.546,C1,2187.7679999999987,2198.0679999999984,ARRIVED,10.221999999998843,10.299999999999727,20.52199999999857
P00279,2194.341,8,1,1,1.0,2194.341,C3,2219.4199999999987,2242.2199999999984,ARRIVED,25.078999999998814,22.799999999999727,47.87899999999854
P00280,2194.642,5,1,1,1.0,2194.642,C1,2212.0679999999984,2227.367999999998,ARRIVED,17.425999999998567,15.299999999999727,32.725999999998294
P00281,2225.855,6,1,1,1.0,2225.855,C3,2258.7199999999984,2276.519999999998,ARRIVED,32.86499999999842,17.799999999999727,50.664999999998145
P00282,2237.106,5,1,1,1.0,2237.106,C2,2249.606,2264.906,ARRIVED,12.5,15.299999999999727,27.799999999999727
P00283,2245.308,5,1,1,1.0,2245.308,C1,2257.808,2293.7079999999996,ARRIVED,12.5,35.899999999999636,48.399999999999636
P00284,2247.646,7,1,1,1.0,2247.646,C1,2267.508,2293.7079999999996,ARRIVED,19.861999999999625,26.199999999999818,46.06199999999944
P00285,2260.542,2,1,1,1.0,2260.542,C1,2284.7079999999996,2293.7079999999996,ARRIVED,24.165999999999713,9.0,33.16599999999971
P00286,2270.543,8,1,1,1.0,2270.543,C3,2298.019999999998,2331.419999999998,ARRIVED,27.476999999998043,33.399999999999636,60.87699999999768
P00287,2272.832,6,1,1,1.0,2272.832,C2,2287.832,2359.031999999999,ARRIVED,15.0,71.19999999999891,86.19999999999891
P00288,2276.914,8,1,1,1.0,2276.914,C2,2297.5319999999997,2359.031999999999,ARRIVED,20.617999999999483,61.49999999999909,82.11799999999857
P00289,2282.696,2,1,1,1.0,2282.696,C3,2322.419999999998,2331.419999999998,ARRIVED,39.723999999997886,9.0,48.723999999997886
P00290,2284.127,4,1,1,1.0,2284.127,C3,2312.719999999998,2331.419999999998,ARRIVED,28.592999999998028,18.699999999999818,47.292999999997846
P00291,2290.461,2,1,1,1.0,2290.461,C1,2300.2079999999996,2310.6079999999997,ARRIVED,9.746999999999844,10.400000000000091,20.146999999999935
P00292,2291.383,2,1,1,1.0,2291.383,C1,2300.2079999999996,2310.6079999999997,ARRIVED,8.824999999999818,10.400000000000091,19.22499999999991
P00293,2291.749,2,1,1,1.0,2291.749,C1,2300.2079999999996,2310.6079999999997,ARRIVED,8.458999999999833,10.400000000000091,18.858999999999924
P00294,2291.922,4,1,1,1.0,2291.922,C2,2312.2319999999995,2359.031999999999,ARRIVED,20.30999999999949,46.79999999999927,67.10999999999876
P00295,2305.18,5,1,1,1.0,2305.18,C2,2319.4319999999993,2359.031999999999,ARRIVED,14.251999999999498,39.599999999999454,53.85199999999895
P00296,2311.32,8,1,1,1.0,2311.32,C1,2332.1079999999997,2400.807999999999,ARRIVED,20.787999999999556,68.69999999999936,89.48799999999892
P00297,2320.21,6,1,1,1.0,2320.21,C2,2326.631999999999,2359.031999999999,ARRIVED,6.421999999999116,32.399999999999636,38.82199999999875
P00298,2320.709,6,1,1,1.0,2320.709,C2,2326.631999999999,2359.031999999999,ARRIVED,5.92299999999932,32.399999999999636,38.322999999998956
P00299,2320.714,6,1,1,1.0,2320.714,C2,2326.631999999999,2359.031999999999,ARRIVED,5.917999999999211,32.399999999999636,38.31799999999885
P00300,2321.809,2,1,1,1.0,2321.809,C2,2346.431999999999,2359.031999999999,ARRIVED,24.622999999998683,12.599999999999909,37.22299999999859
P00301,2322.128,2,1,1,1.0,2322.128,C1,2351.8079999999995,2400.807999999999,ARRIVED,29.67999999999938,48.999999999999545,78.67999999999893
P00302,2328.701,6,1,1,1.0,2328.701,C2,2331.731999999999,2359.031999999999,ARRIVED,3.0309999999990396,27.299999999999727,30.330999999998767
P00303,2337.723,8,1,1,1.0,2337.723,C1,2371.5079999999994,2400.807999999999,ARRIVED,33.7849999999994,29.299999999999727,63.08499999999913
P00304,2342.797,5,1,1,1.0,2342.797,C1,2383.707999999999,2400.807999999999,ARRIVED,40.91099999999915,17.09999999999991,58.01099999999906
P00305,2350.5,7,1,1,1.0,2350.5,C3,2368.0,2402.9,ARRIVED,17.5,34.90000000000009,52.40000000000009
P00306,2353.154,7,1,1,1.0,2353.154,C3,2368.0,2402.9,ARRIVED,14.846000000000004,34.90000000000009,49.746000000000095
P00307,2355.738,2,1,1,1.0,2355.738,C2,2365.531999999999,2373.3319999999985,ARRIVED,9.79399999999896,7.799999999999727,17.593999999998687
P00308,2372.148,8,1,1,1.0,2372.148,C3,2378.9,2402.9,ARRIVED,6.751999999999953,24.0,30.751999999999953
P00309,2372.621,4,1,1,1.0,2372.621,C2,2384.8319999999985,2397.6319999999982,ARRIVED,12.210999999998421,12.799999999999727,25.01099999999815
P00310,2394.829,8,1,1,1.0,2394.829,C3,2424.4,2452.4999999999995,ARRIVED,29.570999999999913,28.099999999999454,57.67099999999937
P00311,2408.511,7,1,1,1.0,2408.511,C3,2431.6,2452.4999999999995,ARRIVED,23.088999999999942,20.899999999999636,43.98899999999958
P00312,2410.094,4,1,1,1.0,2410.094,C2,2420.094,2432.894,ARRIVED,10.0,12.799999999999727,22.799999999999727
P00313,2410.114,3,1,1,1.0,2410.114,C1,2417.614,2433.2139999999995,ARRIVED,7.5,15.599999999999454,23.099999999999454
P00314,2416.99,2,1,1,1.0,2416.99,C1,2424.814,2433.2139999999995,ARRIVED,7.824000000000069,8.399999999999636,16.223999999999705
P00315,2434.681,4,1,1,1.0,2434.681,C1,2444.7139999999995,2457.513999999999,ARRIVED,10.032999999999447,12.799999999999727,22.832999999999174
P00316,2449.904,8,1,1,1.0,2449.904,C1,2479.013999999999,2501.813999999999,ARRIVED,29.109999999999218,22.799999999999727,51.909999999998945
P00317,2469.708,2,1,1,1.0,2469.708,C3,2474.708,2523.1079999999997,ARRIVED,5.0,48.399999999999636,53.399999999999636
P00318,2476.691,8,1,1,1.0,2476.691,C3,2494.408,2523.1079999999997,ARRIVED,17.7170000000001,28.699999999999818,46.416999999999916
P00319,2487.488,3,1,1,1.0,2487.488,C3,2511.6079999999997,2523.1079999999997,ARRIVED,24.11999999999989,11.5,35.61999999999989
P00320,2492.04,2,1,1,1.0,2492.04,C2,2497.04,2504.8399999999997,ARRIVED,5.0,7.799999999999727,12.799999999999727
P00321,2503.531,3,1,1,1.0,2503.531,C1,2511.031,2521.3309999999997,ARRIVED,7.5,10.299999999999727,17.799999999999727
P00322,2520.886,4,1,1,1.0,2520.886,C1,2532.8309999999997,2545.6309999999994,ARRIVED,11.944999999999709,12.799999999999727,24.744999999999436
P00323,2546.85,2,1,1,1.0,2546.85,C1,2552.1309999999994,2559.930999999999,ARRIVED,5.280999999999494,7.799999999999727,13.080999999999221
P00324,2563.634,3,1,1,1.0,2563.634,C1,2571.134,2581.4339999999997,ARRIVED,7.5,10.299999999999727,17.799999999999727
P00325,2588.947,6,1,1,1.0,2588.947,C3,2603.947,2637.0469999999996,ARRIVED,15.0,33.099999999999454,48.099999999999454
P00326,2591.27,2,1,1,1.0,2591.27,C1,2596.27,2604.0699999999997,ARRIVED,5.0,7.799999999999727,12.799999999999727
P00327,2600.481,2,1,1,1.0,2600.481,C1,2610.5699999999997,2643.9699999999993,ARRIVED,10.088999999999487,33.399999999999636,43.48899999999912
P00328,2601.557,3,1,1,1.0,2601.557,C1,2617.7699999999995,2643.9699999999993,ARRIVED,16.212999999999738,26.199999999999818,42.412999999999556
P00329,2604.286,8,1,1,1.0,2604.286,C3,2613.647,2637.0469999999996,ARRIVED,9.360999999999876,23.399999999999636,32.76099999999951
P00330,2604.776,5,1,1,1.0,2604.776,C2,2617.276,2632.5759999999996,ARRIVED,12.5,15.299999999999727,27.799999999999727
P00331,2614.382,5,1,1,1.0,2614.382,C1,2627.4699999999993,2643.9699999999993,ARRIVED,13.087999999999283,16.5,29.587999999999283
P00332,2641.424,4,1,1,1.0,2641.424,C1,2655.4699999999993,2673.569999999999,ARRIVED,14.045999999999367,18.099999999999454,32.14599999999882
P00333,2652.879,3,1,1,1.0,2652.879,C1,2662.669999999999,2673.569999999999,ARRIVED,9.790999999999258,10.899999999999636,20.690999999998894
P00334,2659.753,8,1,1,1.0,2659.753,C3,2679.753,2727.453,ARRIVED,20.0,47.69999999999982,67.69999999999982
P00335,2663.4,5,1,1,1.0,2663.4,C3,2691.953,2727.453,ARRIVED,28.552999999999884,35.5,64.05299999999988
P00336,2667.503,2,1,1,1.0,2667.503,C1,2680.069999999999,2713.4699999999984,ARRIVED,12.566999999998643,33.399999999999636,45.96699999999828
P00337,2671.166,2,1,1,1.0,2671.166,C2,2676.166,2683.966,ARRIVED,5.0,7.799999999999727,12.799999999999727
P00338,2679.982,5,1,1,1.0,2679.982,C1,2692.2699999999986,2713.4699999999984,ARRIVED,12.287999999998647,21.199999999999818,33.487999999998465
P00339,2687.856,7,1,1,1.0,2687.856,C3,2701.653,2727.453,ARRIVED,13.79699999999957,25.800000000000182,39.59699999999975
P00340,2693.51,4,1,1,1.0,2693.51,C1,2699.4699999999984,2713.4699999999984,ARRIVED,5.959999999998217,14.0,19.959999999998217
P00341,2694.342,7,1,1,1.0,2694.342,C3,2701.653,2727.453,ARRIVED,7.310999999999694,25.800000000000182,33.110999999999876
P00342,2699.059,8,1,1,1.0,2699.059,C2,2719.059,2741.859,ARRIVED,20.0,22.799999999999727,42.79999999999973
P00343,2705.443,4,1,1,1.0,2705.443,C1,2724.9699999999984,2737.769999999998,ARRIVED,19.526999999998225,12.799999999999727,32.32699999999795
P00344,2716.81,5,1,1,1.0,2716.81,C3,2741.453,2756.7529999999997,ARRIVED,24.64300000000003,15.299999999999727,39.942999999999756
P00345,2722.189,6,1,1,1.0,2722.189,C2,2758.359,2776.1589999999997,ARRIVED,36.17000000000007,17.799999999999727,53.9699999999998
P00346,2732.946,5,1,1,1.0,2732.946,C1,2757.1699999999983,2777.969999999998,ARRIVED,24.22399999999834,20.799999999999727,45.02399999999807
P00347,2733.649,4,1,1,1.0,2733.649,C1,2749.269999999998,2777.969999999998,ARRIVED,15.620999999998276,28.699999999999818,44.320999999998094
P00348,2734.419,4,1,1,1.0,2734.419,C1,2749.269999999998,2777.969999999998,ARRIVED,14.850999999998294,28.699999999999818,43.55099999999811
P00349,2753.263,7,1,1,1.0,2753.263,C3,2775.7529999999997,2801.352999999999,ARRIVED,22.48999999999978,25.599999999999454,48.089999999999236
P00350,2757.517,5,1,1,1.0,2757.517,C1,2760.869999999998,2777.969999999998,ARRIVED,3.3529999999982465,17.09999999999991,20.452999999998156
P00351,2774.328,6,1,1,1.0,2774.328,C3,2782.9529999999995,2801.352999999999,ARRIVED,8.624999999999545,18.399999999999636,27.02499999999918
P00352,2800.397,3,1,1,1.0,2800.397,C2,2807.897,2818.1969999999997,ARRIVED,7.5,10.299999999999727,17.799999999999727
P00353,2809.29,2,1,1,1.0,2809.29,C1,2814.29,2822.0899999999997,ARRIVED,5.0,7.799999999999727,12.799999999999727
P00354,2824.874,8,1,1,1.0,2824.874,C3,2844.874,2867.6739999999995,ARRIVED,20.0,22.799999999999727,42.79999999999973
P00355,2828.098,5,1,1,1.0,2828.098,C2,2840.598,2855.8979999999997,ARRIVED,12.5,15.299999999999727,27.799999999999727
P00356,2836.769,4,1,1,1.0,2836.769,C1,2846.769,2859.5689999999995,ARRIVED,10.0,12.799999999999727,22.799999999999727
P00357,2854.792,5,1,1,1.0,2854.792,C1,2873.5689999999995,2899.168999999999,ARRIVED,18.77699999999959,25.599999999999454,44.37699999999904
P00358,2867.222,6,1,1,1.0,2867.222,C1,2880.7689999999993,2899.168999999999,ARRIVED,13.546999999999116,18.399999999999636,31.946999999998752
P00359,2891.736,7,1,1,1.0,2891.736,C1,2918.168999999999,2954.0689999999986,ARRIVED,26.432999999999083,35.899999999999636,62.33299999999872
P00360,2909.192,4,1,1,1.0,2909.192,C1,2930.368999999999,2954.0689999999986,ARRIVED,21.17699999999877,23.699999999999818,44.87699999999859
P00361,2918.894,3,1,1,1.0,2918.894,C2,2926.394,2936.6939999999995,ARRIVED,7.5,10.299999999999727,17.799999999999727
P00362,2928.764,5,1,1,1.0,2928.764,C1,2937.5689999999986,2954.0689999999986,ARRIVED,8.804999999998472,16.5,25.304999999998472
P00363,2940.505,5,1,1,1.0,2940.505,C1,2968.0689999999986,2993.668999999998,ARRIVED,27.563999999998487,25.599999999999454,53.16399999999794
P00364,2949.668,3,1,1,1.0,2949.668,C3,2957.168,2967.468,ARRIVED,7.5,10.299999999999727,17.799999999999727
P00365,2953.919,3,1,1,1.0,2953.919,C2,2961.419,2971.7189999999996,ARRIVED,7.5,10.299999999999727,17.799999999999727
P00366,2966.219,3,1,1,1.0,2966.219,C2,2980.7189999999996,2991.0189999999993,ARRIVED,14.499999999999545,10.299999999999727,24.799999999999272
P00367,2970.101,6,1,1,1.0,2970.101,C1,2975.2689999999984,2993.668999999998,ARRIVED,5.167999999998301,18.399999999999636,23.567999999997937
P00368,2981.858,5,1,1,1.0,2981.858,C1,3007.668999999998,3059.168999999997,ARRIVED,25.810999999997875,51.49999999999909,77.31099999999697
P00369,2991.672,6,1,1,1.0,2991.672,C3,3006.672,3024.4719999999998,ARRIVED,15.0,17.799999999999727,32.79999999999973
P00370,2992.507,2,1,1,1.0,2992.507,C2,2997.5189999999993,3040.218999999999,ARRIVED,5.0119999999992615,42.69999999999982,47.71199999999908
P00371,2995.088,6,1,1,1.0,2995.088,C2,3012.218999999999,3040.218999999999,ARRIVED,17.13099999999895,28.0,45.13099999999895
P00372,3004.89,6,1,1,1.0,3004.89,C1,3014.868999999998,3059.168999999997,ARRIVED,9.978999999997995,44.29999999999927,54.27899999999727
P00373,3011.281,3,1,1,1.0,3011.281,C2,3024.418999999999,3040.218999999999,ARRIVED,13.13799999999901,15.800000000000182,28.937999999999192
P00374,3011.988,7,1,1,1.0,3011.988,C1,3022.0689999999977,3059.168999999997,ARRIVED,10.080999999997857,37.099999999999454,47.18099999999731
P00375,3013.2,7,1,1,1.0,3013.2,C3,3043.4719999999998,3063.7719999999995,ARRIVED,30.271999999999935,20.299999999999727,50.57199999999966
P00376,3014.937,8,1,1,1.0,3014.937,C1,3029.2689999999975,3059.168999999997,ARRIVED,14.331999999997606,29.899999999999636,44.23199999999724
P00377,3016.438,3,1,1,1.0,3016.438,C2,3024.418999999999,3040.218999999999,ARRIVED,7.980999999998858,15.800000000000182,23.78099999999904
P00378,3024.893,3,1,1,1.0,3024.893,C1,3046.4689999999973,3059.168999999997,ARRIVED,21.575999999997293,12.699999999999818,34.27599999999711
P00379,3030.783,4,1,1,1.0,3030.783,C2,3051.718999999999,3064.518999999999,ARRIVED,20.93599999999924,12.799999999999727,33.73599999999897
P00380,3070.97,4,1,1,1.0,3070.97,C2,3080.97,3124.3699999999994,ARRIVED,10.0,43.399999999999636,53.399999999999636
P00381,3075.804,8,1,1,1.0,3075.804,C2,3095.6699999999996,3124.3699999999994,ARRIVED,19.86599999999953,28.699999999999818,48.56599999999935
P00382,3076.329,3,1,1,1.0,3076.329,C1,3083.829,3114.4289999999996,ARRIVED,7.5,30.599999999999454,38.099999999999454
P00383,3081.238,6,1,1,1.0,3081.238,C1,3096.029,3114.4289999999996,ARRIVED,14.791000000000167,18.399999999999636,33.1909999999998
P00384,3097.475,7,1,1,1.0,3097.475,C2,3102.8699999999994,3124.3699999999994,ARRIVED,5.394999999999527,21.5,26.894999999999527
P00385,3103.321,8,1,1,1.0,3103.321,C1,3135.9289999999996,3158.7289999999994,ARRIVED,32.60799999999972,22.799999999999727,55.40799999999945
P00386,3114.674,8,1,1,1.0,3114.674,C3,3134.674,3188.3739999999993,ARRIVED,20.0,53.69999999999936,73.69999999999936
P00387,3118.945,2,1,1,1.0,3118.945,C3,3154.374,3188.3739999999993,ARRIVED,35.42899999999963,33.999999999999545,69.42899999999918
P00388,3121.912,8,1,1,1.0,3121.912,C2,3145.8699999999994,3180.5699999999993,ARRIVED,23.95799999999963,34.69999999999982,58.65799999999945
P00389,3123.977,8,1,1,1.0,3123.977,C2,3145.8699999999994,3180.5699999999993,ARRIVED,21.892999999999574,34.69999999999982,56.59299999999939
P00390,3139.526,7,1,1,1.0,3139.526,C1,3177.7289999999994,3203.328999999999,ARRIVED,38.20299999999952,25.599999999999454,63.802999999998974
P00391,3145.316,4,1,1,1.0,3145.316,C2,3161.2699999999995,3180.5699999999993,ARRIVED,15.953999999999724,19.299999999999727,35.25399999999945
P00392,3148.99,2,1,1,1.0,3148.99,C2,3170.9699999999993,3180.5699999999993,ARRIVED,21.979999999999563,9.599999999999909,31.579999999999472
P00393,3150.627,5,1,1,1.0,3150.627,C3,3166.5739999999996,3188.3739999999993,ARRIVED,15.946999999999662,21.799999999999727,37.74699999999939
P00394,3158.638,3,1,1,1.0,3158.638,C3,3176.2739999999994,3188.3739999999993,ARRIVED,17.635999999999513,12.099999999999909,29.73599999999942
P00395,3163.618,5,1,1,1.0,3163.618,C1,3187.428999999999,3203.328999999999,ARRIVED,23.81099999999924,15.899999999999636,39.710999999998876
P00396,3186.331,6,1,1,1.0,3186.331,C2,3201.331,3224.4309999999996,ARRIVED,15.0,23.099999999999454,38.099999999999454
P00397,3187.276,6,1,1,1.0,3187.276,C3,3204.8739999999993,3227.973999999999,ARRIVED,17.5979999999995,23.099999999999454,40.697999999998956
P00398,3193.13,6,1,1,1.0,3193.13,C1,3219.828999999999,3268.528999999998,ARRIVED,26.698999999998705,48.69999999999936,75.39899999999807
P00399,3196.939,4,1,1,1.0,3196.939,C3,3214.573999999999,3227.973999999999,ARRIVED,17.63499999999931,13.399999999999636,31.034999999998945
P00400,3201.909,3,1,1,1.0,3201.909,C2,3213.531,3224.4309999999996,ARRIVED,11.621999999999844,10.899999999999636,22.52199999999948
P00401,3207.426,3,1,1,1.0,3207.426,C1,3232.0289999999986,3268.528999999998,ARRIVED,24.6029999999987,36.499999999999545,61.10299999999825
P00402,3216.725,2,1,1,1.0,3216.725,C2,3230.9309999999996,3243.0309999999995,ARRIVED,14.205999999999676,12.099999999999909,26.305999999999585
P00403,3227.797,5,1,1,1.0,3227.797,C1,3241.7289999999985,3268.528999999998,ARRIVED,13.931999999998425,26.799999999999727,40.73199999999815
P00404,3230.712,2,1,1,1.0,3230.712,C2,3230.9309999999996,3243.0309999999995,ARRIVED,0.21899999999959618,12.099999999999909,12.318999999999505
P00405,3240.653,6,1,1,1.0,3240.653,C1,3248.9289999999983,3268.528999999998,ARRIVED,8.275999999998476,19.59999999999991,27.875999999998385
P00406,3251.76,5,1,1,1.0,3251.76,C1,3282.528999999998,3313.428999999998,ARRIVED,30.76899999999796,30.899999999999636,61.668999999997595
P00407,3255.199,5,1,1,1.0,3255.199,C3,3267.699,3288.2989999999995,ARRIVED,12.5,20.599999999999454,33.099999999999454
P00408,3260.734,3,1,1,1.0,3260.734,C3,3277.399,3288.2989999999995,ARRIVED,16.664999999999964,10.899999999999636,27.5649999999996
P00409,3262.941,2,1,1,1.0,3262.941,C2,3267.941,3275.7409999999995,ARRIVED,5.0,7.799999999999727,12.799999999999727
P00410,3274.287,8,1,1,1.0,3274.287,C2,3297.2409999999995,3325.340999999999,ARRIVED,22.953999999999724,28.099999999999454,51.05399999999918
P00411,3282.129,6,1,1,1.0,3282.129,C1,3289.728999999998,3313.428999999998,ARRIVED,7.59999999999809,23.699999999999818,31.299999999997908
P00412,3283.23,7,1,1,1.0,3283.23,C3,3307.2989999999995,3327.5989999999993,ARRIVED,24.068999999999505,20.299999999999727,44.36899999999923
P00413,3286.711,4,1,1,1.0,3286.711,C1,3299.428999999998,3313.428999999998,ARRIVED,12.717999999998028,14.0,26.717999999998028
P00414,3292.336,4,1,1,1.0,3292.336,C2,3311.9409999999993,3325.340999999999,ARRIVED,19.604999999999563,13.399999999999636,33.0049999999992
P00415,3309.009,4,1,1,1.0,3309.009,C1,3324.928999999998,3337.7289999999975,ARRIVED,15.919999999997799,12.799999999999727,28.719999999997526
P00416,3319.026,5,1,1,1.0,3319.026,C2,3339.340999999999,3355.940999999999,ARRIVED,20.314999999999145,16.59999999999991,36.914999999999054
P00417,3321.205,5,1,1,1.0,3321.205,C2,3339.340999999999,3355.940999999999,ARRIVED,18.135999999999058,16.59999999999991,34.73599999999897
P00418,3337.101,4,1,1,1.0,3337.101,C1,3349.2289999999975,3362.0289999999973,ARRIVED,12.127999999997428,12.799999999999727,24.927999999997155
P00419,3353.305,4,1,1,1.0,3353.305,C1,3373.5289999999973,3418.828999999997,ARRIVED,20.22399999999743,45.29999999999973,65.52399999999716
P00420,3355.471,4,1,1,1.0,3355.471,C1,3373.5289999999973,3418.828999999997,ARRIVED,18.057999999997264,45.29999999999973,63.35799999999699
P00421,3370.013,6,1,1,1.0,3370.013,C1,3383.9289999999974,3418.828999999997,ARRIVED,13.915999999997439,34.899999999999636,48.815999999997075
P00422,3370.877,3,1,1,1.0,3370.877,C3,3378.377,3388.6769999999997,ARRIVED,7.5,10.299999999999727,17.799999999999727
P00423,3374.236,7,1,1,1.0,3374.236,C1,3391.128999999997,3418.828999999997,ARRIVED,16.8929999999973,27.699999999999818,44.59299999999712
P00424,3382.496,7,1,1,1.0,3382.496,C1,3391.128999999997,3418.828999999997,ARRIVED,8.632999999997082,27.699999999999818,36.3329999999969
P00425,3392.891,7,1,1,1.0,3392.891,C1,3395.5289999999973,3418.828999999997,ARRIVED,2.6379999999971915,23.299999999999727,25.93799999999692
P00426,3398.236,3,1,1,1.0,3398.236,C2,3405.736,3426.3359999999993,ARRIVED,7.5,20.599999999999454,28.099999999999454
P00427,3403.79,3,1,1,1.0,3403.79,C3,3411.29,3426.8899999999994,ARRIVED,7.5,15.599999999999454,23.099999999999454
P00428,3404.194,4,1,1,1.0,3404.194,C2,3412.9359999999997,3426.3359999999993,ARRIVED,8.741999999999734,13.399999999999636,22.14199999999937
P00429,3404.338,2,1,1,1.0,3404.338,C3,3418.49,3426.8899999999994,ARRIVED,14.151999999999589,8.399999999999636,22.551999999999225
P00430,3418.396,6,1,1,1.0,3418.396,C2,3442.8359999999993,3460.635999999999,ARRIVED,24.439999999999145,17.799999999999727,42.23999999999887
P00431,3426.034,3,1,1,1.0,3426.034,C3,3435.8899999999994,3446.189999999999,ARRIVED,9.855999999999312,10.299999999999727,20.15599999999904
P00432,3432.205,2,1,1,1.0,3432.205,C1,3437.205,3445.0049999999997,ARRIVED,5.0,7.799999999999727,12.799999999999727
P00433,3441.619,4,1,1,1.0,3441.619,C3,3457.689999999999,3470.489999999999,ARRIVED,16.070999999999003,12.799999999999727,28.87099999999873
P00434,3476.771,5,1,1,1.0,3476.771,C1,3489.271,3504.571,ARRIVED,12.5,15.299999999999727,27.799999999999727
P00435,3484.754,4,1,1,1.0,3484.754,C3,3494.754,3543.4539999999993,ARRIVED,10.0,48.69999999999936,58.69999999999936
P00436,3487.267,8,1,1,1.0,3487.267,C3,3509.4539999999997,3543.4539999999993,ARRIVED,22.186999999999898,33.999999999999545,56.18699999999944
P00437,3496.949,7,1,1,1.0,3496.949,C1,3523.571,3574.0709999999995,ARRIVED,26.621999999999844,50.499999999999545,77.12199999999939
P00438,3497.4,8,1,1,1.0,3497.4,C1,3530.7709999999997,3574.0709999999995,ARRIVED,33.37099999999964,43.29999999999973,76.67099999999937
P00439,3507.592,5,1,1,1.0,3507.592,C3,3521.6539999999995,3543.4539999999993,ARRIVED,14.061999999999443,21.799999999999727,35.86199999999917
P00440,3514.774,2,1,1,1.0,3514.774,C2,3519.774,3527.5739999999996,ARRIVED,5.0,7.799999999999727,12.799999999999727
P00441,3520.967,4,1,1,1.0,3520.967,C3,3528.8539999999994,3543.4539999999993,ARRIVED,7.8869999999992615,14.599999999999909,22.48699999999917
P00442,3523.532,6,1,1,1.0,3523.532,C2,3544.0739999999996,3567.173999999999,ARRIVED,20.54199999999946,23.099999999999454,43.641999999998916
P00443,3527.584,6,1,1,1.0,3527.584,C1,3540.4709999999995,3574.0709999999995,ARRIVED,12.886999999999716,33.59999999999991,46.486999999999625
P00444,3531.211,3,1,1,1.0,3531.211,C3,3552.4539999999993,3568.0539999999987,ARRIVED,21.242999999999483,15.599999999999454,36.84299999999894
P00445,3535.589,7,1,1,1.0,3535.589,C1,3547.6709999999994,3574.0709999999995,ARRIVED,12.081999999999425,26.40000000000009,38.481999999999516
P00446,3544.696,5,1,1,1.0,3544.696,C2,3551.2739999999994,3567.173999999999,ARRIVED,6.57799999999952,15.899999999999636,22.477999999999156
P00447,3546.757,7,1,1,1.0,3546.757,C1,3547.6709999999994,3574.0709999999995,ARRIVED,0.9139999999993051,26.40000000000009,27.313999999999396
P00448,3552.648,2,1,1,1.0,3552.648,C3,3559.653999999999,3568.0539999999987,ARRIVED,7.005999999998949,8.399999999999636,15.405999999998585
P00449,3567.435,8,1,1,1.0,3567.435,C1,3595.5709999999995,3618.370999999999,ARRIVED,28.135999999999513,22.799999999999727,50.93599999999924
P00450,3599.787,3,1,1,1.0,3599.787,C1,3627.370999999999,3637.670999999999,ARRIVED,27.583999999999378,10.299999999999727,37.883999999999105
P00451,3605.082,7,1,1,1.0,3605.082,C3,3622.582,3642.8819999999996,ARRIVED,17.5,20.299999999999727,37.79999999999973
P00452,3614.403,3,1,1,1.0,3614.403,C2,3621.903,3673.102999999999,ARRIVED,7.5,51.19999999999936,58.69999999999936
P00453,3623.91,4,1,1,1.0,3623.91,C2,3629.1029999999996,3673.102999999999,ARRIVED,5.192999999999756,43.999999999999545,49.1929999999993
P00454,3624.838,5,1,1,1.0,3624.838,C2,3636.3029999999994,3673.102999999999,ARRIVED,11.464999999999236,36.79999999999973,48.26499999999896
P00455,3625.319,8,1,1,1.0,3625.319,C2,3648.5029999999992,3673.102999999999,ARRIVED,23.183999999999287,24.59999999999991,47.783999999999196
P00456,3632.311,3,1,1,1.0,3632.311,C1,3646.670999999999,3656.9709999999986,ARRIVED,14.359999999998763,10.299999999999727,24.65999999999849
P00457,3651.252,3,1,1,1.0,3651.252,C1,3665.9709999999986,3681.570999999998,ARRIVED,14.718999999998687,15.599999999999454,30.31899999999814
P00458,3653.473,4,1,1,1.0,3653.473,C2,3684.602999999999,3757.9029999999984,ARRIVED,31.1299999999992,73.29999999999927,104.42999999999847
P00459,3661.642,8,1,1,1.0,3661.642,C3,3681.642,3709.7419999999993,ARRIVED,20.0,28.099999999999454,48.099999999999454
P00460,3666.307,6,1,1,1.0,3666.307,C3,3691.3419999999996,3709.7419999999993,ARRIVED,25.034999999999854,18.399999999999636,43.43499999999949
P00461,3667.568,2,1,1,1.0,3667.568,C1,3673.1709999999985,3681.570999999998,ARRIVED,5.6029999999982465,8.399999999999636,14.002999999997883
P00462,3677.155,8,1,1,1.0,3677.155,C1,3703.070999999998,3736.4709999999977,ARRIVED,25.915999999997894,33.399999999999636,59.31599999999753
P00463,3679.094,5,1,1,1.0,3679.094,C2,3691.802999999999,3757.9029999999984,ARRIVED,12.708999999998923,66.09999999999945,78.80899999999838
P00464,3691.413,5,1,1,1.0,3691.413,C2,3691.802999999999,3757.9029999999984,ARRIVED,0.3899999999989632,66.09999999999945,66.48999999999842
P00465,3692.859,8,1,1,1.0,3692.859,C2,3707.702999999999,3757.9029999999984,ARRIVED,14.843999999999141,50.19999999999936,65.0439999999985
P00466,3697.657,3,1,1,1.0,3697.657,C1,3720.270999999998,3736.4709999999977,ARRIVED,22.61399999999776,16.199999999999818,38.81399999999758
P00467,3708.399,4,1,1,1.0,3708.399,C2,3722.402999999999,3757.9029999999984,ARRIVED,14.003999999998996,35.499999999999545,49.50399999999854
P00468,3713.28,2,1,1,1.0,3713.28,C1,3727.4709999999977,3736.4709999999977,ARRIVED,14.19099999999753,9.0,23.19099999999753
P00469,3714.755,6,1,1,1.0,3714.755,C3,3729.755,3759.455,ARRIVED,15.0,29.699999999999818,44.69999999999982
P00470,3716.821,7,1,1,1.0,3716.821,C2,3734.6029999999987,3757.9029999999984,ARRIVED,17.78199999999879,23.299999999999727,41.081999999998516
P00471,3719.103,4,1,1,1.0,3719.103,C3,3739.455,3759.455,ARRIVED,20.35199999999986,20.0,40.35199999999986
P00472,3723.111,4,1,1,1.0,3723.111,C3,3739.455,3759.455,ARRIVED,16.34400000000005,20.0,36.34400000000005
P00473,3740.732,3,1,1,1.0,3740.732,C3,3747.355,3759.455,ARRIVED,6.623000000000047,12.099999999999909,18.722999999999956
P00474,3750.934,6,1,1,1.0,3750.934,C2,3774.4029999999984,3792.202999999998,ARRIVED,23.468999999998232,17.799999999999727,41.26899999999796
P00475,3764.381,4,1,1,1.0,3764.381,C1,3774.381,3787.1809999999996,ARRIVED,10.0,12.799999999999727,22.799999999999727
P00476,3780.908,6,1,1,1.0,3780.908,C2,3808.702999999998,3826.502999999998,ARRIVED,27.794999999998254,17.799999999999727,45.59499999999798
P00477,3792.835,2,1,1,1.0,3792.835,C3,3797.835,3805.6349999999998,ARRIVED,5.0,7.799999999999727,12.799999999999727
P00478,3793.676,4,1,1,1.0,3793.676,C1,3803.676,3816.4759999999997,ARRIVED,10.0,12.799999999999727,22.799999999999727
P00479,3818.958,5,1,1,1.0,3818.958,C2,3840.502999999998,3855.8029999999976,ARRIVED,21.5449999999978,15.299999999999727,36.844999999997526
P00480,3834.474,2,1,1,1.0,3834.474,C1,3839.474,3847.274,ARRIVED,5.0,7.799999999999727,12.799999999999727
P00481,3844.166,2,1,1,1.0,3844.166,C1,3853.774,3922.773999999999,ARRIVED,9.60799999999972,68.99999999999909,78.60799999999881
P00482,3853.207,7,1,1,1.0,3853.207,C1,3870.9739999999997,3922.773999999999,ARRIVED,17.766999999999825,51.79999999999927,69.5669999999991
P00483,3857.815,3,1,1,1.0,3857.815,C1,3885.6739999999995,3922.773999999999,ARRIVED,27.85899999999947,37.099999999999454,64.95899999999892
P00484,3871.465,3,1,1,1.0,3871.465,C3,3878.965,3889.265,ARRIVED,7.5,10.299999999999727,17.799999999999727
P00485,3873.557,5,1,1,1.0,3873.557,C1,3895.3739999999993,3922.773999999999,ARRIVED,21.816999999999553,27.399999999999636,49.21699999999919
P00486,3892.319,6,1,1,1.0,3892.319,C1,3902.573999999999,3922.773999999999,ARRIVED,10.2549999999992,20.199999999999818,30.454999999999018
