timestamp,event_type,car_id,floor,passenger_id,direction,load
8.792,hall_call_assigned,C3,6,P00001,,
9.22,hall_call_assigned,C1,6,P00002,,
13.57,hall_call_assigned,C2,7,P00003,,
15.872,hall_call_assigned,C3,2,P00004,,
18.754,hall_call_assigned,C2,3,P00005,,
23.792,board,C3,6,P00001,,1.0
24.22,board,C1,6,P00002,,1.0
26.297,hall_call_assigned,C1,4,P00006,,
31.07,board,C2,7,P00003,,1.0
33.92,board,C1,4,P00006,,2.0
38.492000000000004,board,C3,2,P00004,,2.0
42.344,hall_call_assigned,C1,5,P00007,,
45.769999999999996,board,C2,3,P00005,,2.0
46.89200000000001,alight,C3,1,P00001,,1.0
46.89200000000001,alight,C3,1,P00004,,0.0
47.32000000000001,alight,C1,1,P00002,,1.0
47.32000000000001,alight,C1,1,P00006,,0.0
48.112,hall_call_assigned,C2,4,P00008,,
56.67,alight,C2,1,P00003,,1.0
56.67,alight,C2,1,P00005,,0.0
61.32000000000001,board,C1,5,P00007,,1.0
64.956,hall_call_assigned,C1,8,P00009,,
68.17,board,C2,4,P00008,,1.0
72.743,hall_call_assigned,C2,6,P00010,,
76.62,alight,C1,1,P00007,,0.0
78.262,hall_call_assigned,C2,6,P00011,,
80.791,hall_call_assigned,C1,4,P00012,,
80.97,alight,C2,1,P00008,,0.0
84.354,hall_call_assigned,C3,5,P00013,,
89.649,hall_call_assigned,C3,3,P00014,,
89.726,hall_call_assigned,C3,6,P00015,,
94.391,hall_call_assigned,C2,7,P00016,,
96.854,board,C3,5,P00013,,1.0
98.12,board,C1,8,P00009,,1.0
97.47,board,C2,6,P00010,,2.0
97.47,board,C2,6,P00011,,2.0
100.955,hall_call_assigned,C2,3,P00017,,
104.054,board,C3,6,P00015,,2.0
105.37,board,C2,7,P00016,,3.0
108.046,hall_call_assigned,C1,8,P00018,,
112.82000000000001,board,C1,4,P00012,,2.0
116.254,board,C3,3,P00014,,3.0
120.07000000000001,board,C2,3,P00017,,4.0
122.044,hall_call_assigned,C3,5,P00019,,
125.767,hall_call_assigned,C2,3,P00020,,
127.754,alight,C3,1,P00013,,2.0
127.754,alight,C3,1,P00015,,1.0
127.754,alight,C3,1,P00014,,0.0
127.52000000000001,board,C1,8,P00018,,3.0
130.858,hall_call_assigned,C3,3,P00021,,
132.17000000000002,alight,C2,1,P00010,,3.0
132.17000000000002,alight,C2,1,P00011,,2.0
132.17000000000002,alight,C2,1,P00016,,1.0
132.17000000000002,alight,C2,1,P00017,,0.0
141.17000000000002,board,C2,3,P00020,,1.0
141.75400000000002,board,C3,5,P00019,,1.0
143.376,hall_call_assigned,C2,5,P00022,,
145.556,hall_call_assigned,C1,6,P00023,,
149.044,hall_call_assigned,C2,3,P00024,,
151.47,alight,C2,1,P00020,,0.0
151.52,alight,C1,1,P00009,,2.0
151.52,alight,C1,1,P00012,,1.0
151.52,alight,C1,1,P00018,,0.0
151.454,board,C3,3,P00021,,2.0
160.47,board,C2,3,P00024,,1.0
162.35399999999998,alight,C3,1,P00019,,1.0
162.35399999999998,alight,C3,1,P00021,,0.0
163.513,hall_call_assigned,C1,2,P00025,,
168.02,board,C1,6,P00023,,1.0
170.17,board,C2,5,P00022,,2.0
174.502,hall_call_assigned,C2,4,P00026,,
182.72,board,C1,2,P00025,,2.0
186.06999999999996,alight,C2,1,P00024,,1.0
186.06999999999996,alight,C2,1,P00022,,0.0
189.213,hall_call_assigned,C3,5,P00027,,
190.426,hall_call_assigned,C3,4,P00028,,
191.11999999999998,alight,C1,1,P00023,,1.0
191.11999999999998,alight,C1,1,P00025,,0.0
193.274,hall_call_assigned,C1,7,P00029,,
194.585,hall_call_assigned,C1,4,P00030,,
196.566,hall_call_assigned,C2,2,P00031,,
197.56999999999996,board,C2,4,P00026,,1.0
201.713,board,C3,5,P00027,,1.0
202.885,hall_call_assigned,C2,2,P00032,,
208.284,hall_call_assigned,C3,3,P00033,,
207.26999999999995,board,C2,2,P00031,,3.0
207.26999999999995,board,C2,2,P00032,,3.0
208.91299999999998,board,C3,4,P00028,,2.0
210.774,board,C1,7,P00029,,1.0
212.691,hall_call_assigned,C3,4,P00034,,
216.11299999999997,board,C3,3,P00033,,3.0
219.96999999999997,alight,C2,1,P00026,,2.0
219.96999999999997,alight,C2,1,P00031,,1.0
219.96999999999997,alight,C2,1,P00032,,0.0
221.83,hall_call_assigned,C2,7,P00035,,
223.473,hall_call_assigned,C3,4,P00036,,
222.974,board,C1,4,P00030,,2.0
223.31299999999996,board,C3,4,P00034,,4.0
227.01299999999995,board,C3,4,P00036,,5.0
229.86,hall_call_assigned,C2,2,P00037,,
231.15,hall_call_assigned,C2,2,P00038,,
236.37399999999997,alight,C1,1,P00029,,1.0
236.37399999999997,alight,C1,1,P00030,,0.0
239.33,board,C2,7,P00035,,1.0
242.21299999999994,alight,C3,1,P00027,,4.0
242.21299999999994,alight,C3,1,P00028,,3.0
242.21299999999994,alight,C3,1,P00033,,2.0
242.21299999999994,alight,C3,1,P00034,,1.0
242.21299999999994,alight,C3,1,P00036,,0.0
249.472,hall_call_assigned,C2,4,P00039,,
251.647,hall_call_assigned,C2,3,P00040,,
252.657,hall_call_assigned,C2,7,P00041,,
256.53,board,C2,2,P00037,,3.0
256.53,board,C2,2,P00038,,3.0
260.224,hall_call_assigned,C3,6,P00042,,
264.337,hall_call_assigned,C1,2,P00043,,
268.409,hall_call_assigned,C1,5,P00044,,
269.607,hall_call_assigned,C1,6,P00045,,
269.337,board,C1,2,P00043,,1.0
271.551,hall_call_assigned,C3,7,P00046,,
274.42999999999995,board,C2,7,P00041,,4.0
275.873,hall_call_assigned,C1,4,P00047,,
275.224,board,C3,6,P00042,,1.0
275.957,hall_call_assigned,C1,2,P00048,,
281.537,board,C1,5,P00044,,2.0
282.424,board,C3,7,P00046,,2.0
286.62999999999994,board,C2,4,P00039,,5.0
293.73699999999997,board,C1,2,P00048,,3.0
293.8299999999999,board,C2,3,P00040,,6.0
299.278,hall_call_assigned,C2,2,P00049,,
302.258,hall_call_assigned,C3,2,P00050,,
303.32399999999996,alight,C3,1,P00042,,1.0
303.32399999999996,alight,C3,1,P00046,,0.0
303.43699999999995,board,C1,4,P00047,,4.0
307.12999999999994,alight,C2,1,P00035,,5.0
307.12999999999994,alight,C2,1,P00037,,4.0
307.12999999999994,alight,C2,1,P00038,,3.0
307.12999999999994,alight,C2,1,P00041,,2.0
307.12999999999994,alight,C2,1,P00039,,1.0
307.12999999999994,alight,C2,1,P00040,,0.0
309.82399999999996,board,C3,2,P00050,,1.0
312.423,hall_call_assigned,C2,8,P00051,,
313.13699999999994,board,C1,6,P00045,,5.0
314.2,hall_call_assigned,C1,5,P00052,,
313.62999999999994,board,C2,2,P00049,,1.0
317.531,hall_call_assigned,C1,6,P00053,,
317.62399999999997,alight,C3,1,P00050,,0.0
320.33699999999993,board,C1,5,P00052,,6.0
327.5369999999999,board,C1,6,P00053,,7.0
332.948,hall_call_assigned,C1,8,P00054,,
333.3299999999999,board,C2,8,P00051,,2.0
342.548,hall_call_assigned,C2,6,P00055,,
348.9369999999999,alight,C1,1,P00043,,6.0
348.9369999999999,alight,C1,1,P00044,,5.0
348.9369999999999,alight,C1,1,P00048,,4.0
348.9369999999999,alight,C1,1,P00047,,3.0
348.9369999999999,alight,C1,1,P00045,,2.0
348.9369999999999,alight,C1,1,P00052,,1.0
348.9369999999999,alight,C1,1,P00053,,0.0
350.893,hall_call_assigned,C1,3,P00056,,
351.052,hall_call_assigned,C3,2,P00057,,
353.675,hall_call_assigned,C2,8,P00058,,
356.7299999999999,alight,C2,1,P00049,,1.0
356.7299999999999,alight,C2,1,P00051,,0.0
356.052,board,C3,2,P00057,,1.0
362.293,hall_call_assigned,C3,5,P00059,,
363.85200000000003,alight,C3,1,P00057,,0.0
366.388,hall_call_assigned,C3,8,P00060,,
367.351,hall_call_assigned,C3,7,P00061,,
370.4369999999999,board,C1,8,P00054,,1.0
373.249,hall_call_assigned,C3,3,P00062,,
377.85200000000003,board,C3,5,P00059,,1.0
378.2299999999999,board,C2,8,P00058,,1.0
383.081,hall_call_assigned,C1,7,P00063,,
387.552,board,C3,7,P00061,,2.0
387.6369999999999,board,C1,3,P00056,,2.0
387.9299999999999,board,C2,6,P00055,,2.0
394.752,board,C3,8,P00060,,3.0
401.246,hall_call_assigned,C2,7,P00064,,
402.3369999999999,board,C1,7,P00063,,3.0
406.32999999999987,alight,C2,1,P00058,,1.0
406.32999999999987,alight,C2,1,P00055,,0.0
411.526,hall_call_assigned,C2,2,P00065,,
411.952,board,C3,3,P00062,,4.0
423.8369999999999,alight,C1,1,P00054,,2.0
423.8369999999999,alight,C1,1,P00056,,1.0
423.8369999999999,alight,C1,1,P00063,,0.0
424.05199999999996,alight,C3,1,P00059,,3.0
424.05199999999996,alight,C3,1,P00061,,2.0
424.05199999999996,alight,C3,1,P00060,,1.0
424.05199999999996,alight,C3,1,P00062,,0.0
424.627,hall_call_assigned,C1,4,P00066,,
425.32999999999987,board,C2,7,P00064,,1.0
435.3369999999999,board,C1,4,P00066,,1.0
441.93,hall_call_assigned,C1,4,P00067,,
442.52999999999986,board,C2,2,P00065,,2.0
445.626,hall_call_assigned,C2,5,P00068,,
448.1369999999999,alight,C1,1,P00066,,0.0
449.925,hall_call_assigned,C3,4,P00069,,
450.375,hall_call_assigned,C1,3,P00070,,
450.92999999999984,alight,C2,1,P00064,,1.0
450.92999999999984,alight,C2,1,P00065,,0.0
456.272,hall_call_assigned,C2,2,P00071,,
459.6369999999999,board,C1,4,P00067,,1.0
459.925,board,C3,4,P00069,,1.0
462.327,hall_call_assigned,C3,5,P00072,,
464.92999999999984,board,C2,5,P00068,,1.0
466.8369999999999,board,C1,3,P00070,,2.0
467.986,hall_call_assigned,C1,2,P00073,,
472.725,alight,C3,1,P00069,,0.0
474.03699999999986,board,C1,2,P00073,,3.0
477.1299999999998,board,C2,2,P00071,,2.0
480.835,hall_call_assigned,C2,7,P00074,,
482.478,hall_call_assigned,C1,3,P00075,,
483.03699999999986,alight,C1,1,P00067,,2.0
483.03699999999986,alight,C1,1,P00070,,1.0
483.03699999999986,alight,C1,1,P00073,,0.0
485.5299999999998,alight,C2,1,P00068,,1.0
485.5299999999998,alight,C2,1,P00071,,0.0
486.725,board,C3,5,P00072,,1.0
492.03699999999986,board,C1,3,P00075,,1.0
492.86,hall_call_assigned,C1,2,P00076,,
499.23699999999985,board,C1,2,P00076,,2.0
502.02500000000003,alight,C3,1,P00072,,0.0
504.5299999999998,board,C2,7,P00074,,1.0
507.006,hall_call_assigned,C1,2,P00077,,
507.63699999999983,alight,C1,1,P00075,,1.0
507.63699999999983,alight,C1,1,P00076,,0.0
514.1369999999998,board,C1,2,P00077,,1.0
521.9369999999999,alight,C1,1,P00077,,0.0
524.8299999999998,alight,C2,1,P00074,,0.0
528.984,hall_call_assigned,C1,3,P00078,,
536.484,board,C1,3,P00078,,1.0
546.7840000000001,alight,C1,1,P00078,,0.0
548.675,hall_call_assigned,C1,8,P00079,,
568.675,board,C1,8,P00079,,1.0
576.063,hall_call_assigned,C1,4,P00080,,
577.652,hall_call_assigned,C1,8,P00081,,
580.536,hall_call_assigned,C1,8,P00082,,
581.121,hall_call_assigned,C2,4,P00083,,
582.902,hall_call_assigned,C2,3,P00084,,
585.03,hall_call_assigned,C3,4,P00085,,
591.475,alight,C1,1,P00079,,0.0
591.121,board,C2,4,P00083,,1.0
595.03,board,C3,4,P00085,,1.0
596.737,hall_call_assigned,C3,3,P00086,,
598.321,board,C2,3,P00084,,2.0
602.23,board,C3,3,P00086,,2.0
603.206,hall_call_assigned,C2,4,P00087,,
605.749,hall_call_assigned,C3,2,P00088,,
607.053,hall_call_assigned,C3,3,P00089,,
607.589,hall_call_assigned,C3,7,P00090,,
609.2210000000001,alight,C2,1,P00083,,1.0
609.2210000000001,alight,C2,1,P00084,,0.0
609.834,hall_call_assigned,C2,5,P00091,,
613.1300000000001,alight,C3,1,P00085,,1.0
613.1300000000001,alight,C3,1,P00086,,0.0
612.975,board,C1,8,P00081,,2.0
612.975,board,C1,8,P00082,,2.0
620.7210000000001,board,C2,4,P00087,,1.0
622.1300000000001,board,C3,3,P00089,,1.0
623.295,hall_call_assigned,C1,7,P00092,,
625.149,hall_call_assigned,C2,3,P00093,,
627.9210000000002,board,C2,5,P00091,,2.0
628.375,board,C1,4,P00080,,3.0
636.8300000000002,board,C3,7,P00090,,2.0
637.6210000000002,board,C2,3,P00093,,3.0
639.021,hall_call_assigned,C2,8,P00094,,
639.699,hall_call_assigned,C1,2,P00095,,
640.575,board,C1,7,P00092,,4.0
649.1210000000002,alight,C2,1,P00087,,2.0
649.1210000000002,alight,C2,1,P00091,,1.0
649.1210000000002,alight,C2,1,P00093,,0.0
654.0300000000002,board,C3,2,P00088,,3.0
656.752,hall_call_assigned,C2,7,P00096,,
656.937,hall_call_assigned,C3,7,P00097,,
657.7750000000001,board,C1,2,P00095,,5.0
658.966,hall_call_assigned,C3,6,P00098,,
659.946,hall_call_assigned,C2,4,P00099,,
659.997,hall_call_assigned,C1,2,P00100,,
661.626,hall_call_assigned,C1,7,P00101,,
663.0300000000002,alight,C3,1,P00089,,2.0
663.0300000000002,alight,C3,1,P00090,,1.0
663.0300000000002,alight,C3,1,P00088,,0.0
666.104,hall_call_assigned,C1,7,P00102,,
667.9750000000001,alight,C1,1,P00081,,4.0
667.9750000000001,alight,C1,1,P00082,,3.0
667.9750000000001,alight,C1,1,P00080,,2.0
667.9750000000001,alight,C1,1,P00092,,1.0
667.9750000000001,alight,C1,1,P00095,,0.0
670.6210000000002,board,C2,8,P00094,,1.0
671.843,hall_call_assigned,C2,8,P00103,,
674.3210000000003,board,C2,8,P00103,,2.0
674.4750000000001,board,C1,2,P00100,,1.0
679.5300000000002,board,C3,6,P00098,,1.0
681.5210000000003,board,C2,7,P00096,,3.0
684.294,hall_call_assigned,C3,8,P00104,,
686.7300000000002,board,C3,7,P00097,,2.0
691.6750000000002,board,C1,7,P00101,,3.0
691.6750000000002,board,C1,7,P00102,,3.0
693.7210000000003,board,C2,4,P00099,,4.0
693.9300000000003,board,C3,8,P00104,,3.0
708.3210000000004,alight,C2,1,P00094,,3.0
708.3210000000004,alight,C2,1,P00103,,2.0
708.3210000000004,alight,C2,1,P00096,,1.0
708.3210000000004,alight,C2,1,P00099,,0.0
712.655,hall_call_assigned,C1,3,P00105,,
713.8750000000001,alight,C1,1,P00100,,2.0
713.8750000000001,alight,C1,1,P00101,,1.0
713.8750000000001,alight,C1,1,P00102,,0.0
717.9300000000003,alight,C3,1,P00098,,2.0
717.9300000000003,alight,C3,1,P00097,,1.0
717.9300000000003,alight,C3,1,P00104,,0.0
722.8750000000001,board,C1,3,P00105,,1.0
723.715,hall_call_assigned,C1,4,P00106,,
726.774,hall_call_assigned,C3,2,P00107,,
727.034,hall_call_assigned,C2,2,P00108,,
730.0750000000002,board,C1,4,P00106,,2.0
731.774,board,C3,2,P00107,,1.0
732.034,board,C2,2,P00108,,1.0
736.553,hall_call_assigned,C1,3,P00109,,
739.5740000000001,alight,C3,1,P00107,,0.0
739.8340000000001,alight,C2,1,P00108,,0.0
743.4750000000003,alight,C1,1,P00105,,1.0
743.4750000000003,alight,C1,1,P00106,,0.0
751.128,hall_call_assigned,C3,6,P00110,,
752.4750000000003,board,C1,3,P00109,,1.0
759.782,hall_call_assigned,C1,3,P00111,,
762.7750000000003,alight,C1,1,P00109,,0.0
766.128,board,C3,6,P00110,,1.0
770.97,hall_call_assigned,C3,8,P00112,,
771.7750000000003,board,C1,3,P00111,,1.0
782.0750000000004,alight,C1,1,P00111,,0.0
783.9280000000001,alight,C3,1,P00110,,0.0
794.568,hall_call_assigned,C3,5,P00113,,
797.202,hall_call_assigned,C1,7,P00114,,
805.4280000000001,board,C3,8,P00112,,1.0
807.758,hall_call_assigned,C1,4,P00115,,
814.702,board,C1,7,P00114,,1.0
817.6280000000002,board,C3,5,P00113,,2.0
826.772,hall_call_assigned,C1,3,P00116,,
826.902,board,C1,4,P00115,,2.0
833.5280000000002,alight,C3,1,P00112,,1.0
833.5280000000002,alight,C3,1,P00113,,0.0
834.1020000000001,board,C1,3,P00116,,3.0
845.6020000000001,alight,C1,1,P00114,,2.0
845.6020000000001,alight,C1,1,P00115,,1.0
845.6020000000001,alight,C1,1,P00116,,0.0
859.203,hall_call_assigned,C1,7,P00117,,
869.313,hall_call_assigned,C2,8,P00118,,
874.084,hall_call_assigned,C3,7,P00119,,
876.703,board,C1,7,P00117,,1.0
882.164,hall_call_assigned,C2,3,P00120,,
889.313,board,C2,8,P00118,,1.0
891.584,board,C3,7,P00119,,1.0
897.003,alight,C1,1,P00117,,0.0
897.456,hall_call_assigned,C3,4,P00121,,
900.953,hall_call_assigned,C1,5,P00122,,
903.255,hall_call_assigned,C1,6,P00123,,
906.513,board,C2,3,P00120,,2.0
908.415,hall_call_assigned,C2,3,P00124,,
910.527,hall_call_assigned,C2,3,P00125,,
910.2130000000001,board,C2,3,P00124,,3.0
911.884,alight,C3,1,P00119,,0.0
913.453,board,C1,5,P00122,,1.0
913.9130000000001,board,C2,3,P00125,,4.0
920.653,board,C1,6,P00123,,2.0
923.505,hall_call_assigned,C2,8,P00126,,
923.384,board,C3,4,P00121,,1.0
924.301,hall_call_assigned,C3,2,P00127,,
926.0130000000001,alight,C2,1,P00118,,3.0
926.0130000000001,alight,C2,1,P00120,,2.0
926.0130000000001,alight,C2,1,P00124,,1.0
926.0130000000001,alight,C2,1,P00125,,0.0
933.0840000000001,board,C3,2,P00127,,2.0
939.0530000000001,alight,C1,1,P00122,,1.0
939.0530000000001,alight,C1,1,P00123,,0.0
941.4840000000002,alight,C3,1,P00121,,1.0
941.4840000000002,alight,C3,1,P00127,,0.0
947.5130000000001,board,C2,8,P00126,,1.0
956.013,hall_call_assigned,C2,7,P00128,,
959.457,hall_call_assigned,C2,2,P00129,,
961.157,hall_call_assigned,C2,7,P00130,,
964.389,hall_call_assigned,C2,5,P00131,,
966.872,hall_call_assigned,C3,8,P00132,,
970.3130000000002,alight,C2,1,P00126,,0.0
973.041,hall_call_assigned,C3,7,P00133,,
977.529,hall_call_assigned,C1,6,P00134,,
983.185,hall_call_assigned,C1,4,P00135,,
985.693,hall_call_assigned,C1,5,P00136,,
986.525,hall_call_assigned,C1,5,P00137,,
986.872,board,C3,8,P00132,,1.0
989.3130000000002,board,C2,7,P00128,,2.0
989.3130000000002,board,C2,7,P00130,,2.0
992.529,board,C1,6,P00134,,1.0
994.072,board,C3,7,P00133,,2.0
999.7130000000002,board,C2,5,P00131,,3.0
999.729,board,C1,5,P00136,,3.0
999.729,board,C1,5,P00137,,3.0
1007.629,board,C1,4,P00135,,4.0
1011.9130000000002,board,C2,2,P00129,,4.0
1014.9720000000001,alight,C3,1,P00132,,1.0
1014.9720000000001,alight,C3,1,P00133,,0.0
1021.5130000000003,alight,C2,1,P00128,,3.0
1021.5130000000003,alight,C2,1,P00130,,2.0
1021.5130000000003,alight,C2,1,P00131,,1.0
1021.5130000000003,alight,C2,1,P00129,,0.0
1022.229,alight,C1,1,P00134,,3.0
1022.229,alight,C1,1,P00136,,2.0
1022.229,alight,C1,1,P00137,,1.0
1022.229,alight,C1,1,P00135,,0.0
1056.861,hall_call_assigned,C1,5,P00138,,
1058.882,hall_call_assigned,C2,6,P00139,,
1059.382,hall_call_assigned,C1,3,P00140,,
1060.78,hall_call_assigned,C1,8,P00141,,
1063.451,hall_call_assigned,C2,3,P00142,,
1069.361,board,C1,5,P00138,,1.0
1072.523,hall_call_assigned,C3,2,P00143,,
1073.882,board,C2,6,P00139,,1.0
1077.523,board,C3,2,P00143,,1.0
1079.081,hall_call_assigned,C3,8,P00144,,
1079.103,hall_call_assigned,C3,7,P00145,,
1081.5610000000001,board,C1,8,P00141,,2.0
1086.082,board,C2,3,P00142,,2.0
1094.11,hall_call_assigned,C1,4,P00146,,
1094.19,hall_call_assigned,C1,8,P00147,,
1094.723,board,C3,7,P00145,,2.0
1096.9820000000002,alight,C2,1,P00139,,1.0
1096.9820000000002,alight,C2,1,P00142,,0.0
1098.7610000000002,board,C1,3,P00140,,3.0
1101.923,board,C3,8,P00144,,3.0
1102.932,hall_call_assigned,C3,7,P00148,,
1109.123,board,C3,7,P00148,,4.0
1109.998,hall_call_assigned,C2,2,P00149,,
1113.734,hall_call_assigned,C2,2,P00150,,
1114.998,board,C2,2,P00149,,2.0
1114.998,board,C2,2,P00150,,2.0
1115.9610000000002,board,C1,8,P00147,,4.0
1127.0980000000002,alight,C2,1,P00149,,1.0
1127.0980000000002,alight,C2,1,P00150,,0.0
1130.31,hall_call_assigned,C2,5,P00151,,
1131.2230000000002,alight,C3,1,P00143,,3.0
1131.2230000000002,alight,C3,1,P00145,,2.0
1131.2230000000002,alight,C3,1,P00144,,1.0
1131.2230000000002,alight,C3,1,P00148,,0.0
1130.6610000000003,board,C1,4,P00146,,5.0
1133.046,hall_call_assigned,C2,7,P00152,,
1136.787,hall_call_assigned,C3,2,P00153,,
1139.672,hall_call_assigned,C3,7,P00154,,
1141.787,board,C3,2,P00153,,1.0
1142.81,board,C2,5,P00151,,1.0
1144.644,hall_call_assigned,C3,2,P00155,,
1145.8610000000003,alight,C1,1,P00138,,4.0
1145.8610000000003,alight,C1,1,P00141,,3.0
1145.8610000000003,alight,C1,1,P00140,,2.0
1145.8610000000003,alight,C1,1,P00147,,1.0
1145.8610000000003,alight,C1,1,P00146,,0.0
1153.136,hall_call_assigned,C2,8,P00156,,
1152.51,board,C2,7,P00152,,2.0
1157.347,hall_call_assigned,C2,8,P00157,,
1158.987,board,C3,7,P00154,,2.0
1159.71,board,C2,8,P00156,,4.0
1159.71,board,C2,8,P00157,,4.0
1176.326,hall_call_assigned,C1,4,P00158,,
1176.1870000000001,board,C3,2,P00155,,3.0
1185.1870000000001,alight,C3,1,P00153,,2.0
1185.1870000000001,alight,C3,1,P00154,,1.0
1185.1870000000001,alight,C3,1,P00155,,0.0
1186.326,board,C1,4,P00158,,1.0
1188.0100000000002,alight,C2,1,P00151,,3.0
1188.0100000000002,alight,C2,1,P00152,,2.0
1188.0100000000002,alight,C2,1,P00156,,1.0
1188.0100000000002,alight,C2,1,P00157,,0.0
1199.126,alight,C1,1,P00158,,0.0
1207.408,hall_call_assigned,C2,8,P00159,,
1210.577,hall_call_assigned,C1,6,P00160,,
1213.733,hall_call_assigned,C1,8,P00161,,
1221.167,hall_call_assigned,C3,7,P00162,,
1221.36,hall_call_assigned,C3,2,P00163,,
1224.536,hall_call_assigned,C1,8,P00164,,
1225.577,board,C1,6,P00160,,1.0
1227.408,board,C2,8,P00159,,1.0
1230.914,hall_call_assigned,C1,7,P00165,,
1235.277,board,C1,8,P00161,,3.0
1235.277,board,C1,8,P00164,,3.0
1238.667,board,C3,7,P00162,,1.0
1243.1770000000001,board,C1,7,P00165,,4.0
1246.6,hall_call_assigned,C3,5,P00166,,
1247.675,hall_call_assigned,C1,3,P00167,,
1250.2079999999999,alight,C2,1,P00159,,0.0
1255.631,hall_call_assigned,C2,3,P00168,,
1255.867,board,C3,2,P00163,,2.0
1257.777,hall_call_assigned,C2,2,P00169,,
1263.131,board,C2,3,P00168,,1.0
1265.2770000000003,alight,C1,1,P00160,,3.0
1265.2770000000003,alight,C1,1,P00161,,2.0
1265.2770000000003,alight,C1,1,P00164,,1.0
1265.2770000000003,alight,C1,1,P00165,,0.0
1267.654,hall_call_assigned,C1,5,P00170,,
1268.067,board,C3,5,P00166,,3.0
1270.3310000000001,board,C2,2,P00169,,2.0
1274.2770000000003,board,C1,3,P00167,,1.0
1276.766,hall_call_assigned,C1,6,P00171,,
1278.248,hall_call_assigned,C2,3,P00172,,
1278.7310000000002,alight,C2,1,P00168,,1.0
1278.7310000000002,alight,C2,1,P00169,,0.0
1284.567,alight,C3,1,P00162,,2.0
1284.567,alight,C3,1,P00163,,1.0
1284.567,alight,C3,1,P00166,,0.0
1283.9770000000003,board,C1,5,P00170,,2.0
1286.746,hall_call_assigned,C2,3,P00173,,
1287.7310000000002,board,C2,3,P00172,,2.0
1287.7310000000002,board,C2,3,P00173,,2.0
1291.816,hall_call_assigned,C1,6,P00174,,
1291.1770000000004,board,C1,6,P00171,,3.0
1293.791,hall_call_assigned,C1,4,P00175,,
1294.8770000000004,board,C1,6,P00174,,4.0
1298.251,hall_call_assigned,C2,6,P00176,,
1302.3310000000004,alight,C2,1,P00172,,1.0
1302.3310000000004,alight,C2,1,P00173,,0.0
1304.5770000000005,board,C1,4,P00175,,5.0
1305.443,hall_call_assigned,C2,7,P00177,,
1306.889,hall_call_assigned,C1,7,P00178,,
1311.101,hall_call_assigned,C1,6,P00179,,
1318.8310000000004,board,C2,6,P00176,,1.0
1319.7770000000005,alight,C1,1,P00167,,4.0
1319.7770000000005,alight,C1,1,P00170,,3.0
1319.7770000000005,alight,C1,1,P00171,,2.0
1319.7770000000005,alight,C1,1,P00174,,1.0
1319.7770000000005,alight,C1,1,P00175,,0.0
1326.665,hall_call_assigned,C2,4,P00180,,
1326.0310000000004,board,C2,7,P00177,,2.0
1329.163,hall_call_assigned,C2,6,P00181,,
1336.2770000000005,board,C1,6,P00179,,1.0
1338.2310000000004,board,C2,4,P00180,,3.0
1343.4770000000005,board,C1,7,P00178,,2.0
1347.9310000000005,board,C2,6,P00181,,4.0
1353.439,hall_call_assigned,C3,2,P00182,,
1358.439,board,C3,2,P00182,,1.0
1364.3770000000006,alight,C1,1,P00179,,1.0
1364.3770000000006,alight,C1,1,P00178,,0.0
1366.239,alight,C3,1,P00182,,0.0
1367.5310000000006,alight,C2,1,P00176,,3.0
1367.5310000000006,alight,C2,1,P00177,,2.0
1367.5310000000006,alight,C2,1,P00180,,1.0
1367.5310000000006,alight,C2,1,P00181,,0.0
1367.856,hall_call_assigned,C1,8,P00183,,
1369.692,hall_call_assigned,C2,8,P00184,,
1376.259,hall_call_assigned,C1,5,P00185,,
1387.856,board,C1,8,P00183,,1.0
1389.626,hall_call_assigned,C3,4,P00186,,
1389.692,board,C2,8,P00184,,1.0
1399.626,board,C3,4,P00186,,1.0
1400.056,board,C1,5,P00185,,2.0
1401.478,hall_call_assigned,C2,7,P00187,,
1405.756,hall_call_assigned,C2,8,P00188,,
1407.688,hall_call_assigned,C3,2,P00189,,
1412.426,alight,C3,1,P00186,,0.0
1412.492,alight,C2,1,P00184,,0.0
1415.9560000000001,alight,C1,1,P00183,,1.0
1415.9560000000001,alight,C1,1,P00185,,0.0
1418.926,board,C3,2,P00189,,1.0
1425.8,hall_call_assigned,C1,7,P00190,,
1426.7259999999999,alight,C3,1,P00189,,0.0
1433.992,board,C2,8,P00188,,1.0
1441.192,board,C2,7,P00187,,2.0
1443.3,board,C1,7,P00190,,1.0
1444.313,hall_call_assigned,C1,7,P00191,,
1447.0,board,C1,7,P00191,,2.0
1458.386,hall_call_assigned,C1,6,P00192,,
1462.092,alight,C2,1,P00188,,1.0
1462.092,alight,C2,1,P00187,,0.0
1467.9,alight,C1,1,P00190,,1.0
1467.9,alight,C1,1,P00191,,0.0
1484.4,board,C1,6,P00192,,1.0
1492.991,hall_call_assigned,C3,3,P00193,,
1495.555,hall_call_assigned,C1,4,P00194,,
1497.484,hall_call_assigned,C3,2,P00195,,
1500.491,board,C3,3,P00193,,1.0
1502.2,alight,C1,1,P00192,,0.0
1503.826,hall_call_assigned,C2,5,P00196,,
1505.55,hall_call_assigned,C2,8,P00197,,
1507.286,hall_call_assigned,C1,4,P00198,,
1507.691,board,C3,2,P00195,,2.0
1512.206,hall_call_assigned,C1,7,P00199,,
1513.7,board,C1,4,P00194,,2.0
1513.7,board,C1,4,P00198,,2.0
1515.547,hall_call_assigned,C2,8,P00200,,
1516.0910000000001,alight,C3,1,P00193,,1.0
1516.0910000000001,alight,C3,1,P00195,,0.0
1516.326,board,C2,5,P00196,,1.0
1520.84,hall_call_assigned,C2,7,P00201,,
1522.823,hall_call_assigned,C1,6,P00202,,
1528.526,board,C2,8,P00197,,3.0
1528.526,board,C2,8,P00200,,3.0
1529.6000000000001,board,C1,7,P00199,,3.0
1536.459,hall_call_assigned,C3,8,P00203,,
1536.4260000000002,board,C2,7,P00201,,4.0
1536.8000000000002,board,C1,6,P00202,,4.0
1543.488,hall_call_assigned,C2,6,P00204,,
1546.265,hall_call_assigned,C3,2,P00205,,
1554.568,hall_call_assigned,C1,5,P00206,,
1556.4000000000003,alight,C1,1,P00194,,3.0
1556.4000000000003,alight,C1,1,P00198,,2.0
1556.4000000000003,alight,C1,1,P00199,,1.0
1556.4000000000003,alight,C1,1,P00202,,0.0
1556.459,board,C3,8,P00203,,1.0
1557.206,hall_call_assigned,C1,5,P00207,,
1558.5260000000003,alight,C2,1,P00196,,3.0
1558.5260000000003,alight,C2,1,P00197,,2.0
1558.5260000000003,alight,C2,1,P00200,,1.0
1558.5260000000003,alight,C2,1,P00201,,0.0
1562.847,hall_call_assigned,C3,7,P00208,,
1570.4000000000003,board,C1,5,P00206,,2.0
1570.4000000000003,board,C1,5,P00207,,2.0
1574.067,hall_call_assigned,C2,7,P00209,,
1575.327,hall_call_assigned,C1,4,P00210,,
1575.0260000000003,board,C2,6,P00204,,1.0
1576.159,board,C3,2,P00205,,2.0
1577.441,hall_call_assigned,C1,2,P00211,,
1582.2260000000003,board,C2,7,P00209,,2.0
1587.0000000000005,alight,C1,1,P00206,,1.0
1587.0000000000005,alight,C1,1,P00207,,0.0
1593.3590000000002,board,C3,7,P00208,,3.0
1598.5000000000005,board,C1,4,P00210,,1.0
1603.1260000000004,alight,C2,1,P00204,,1.0
1603.1260000000004,alight,C2,1,P00209,,0.0
1604.054,hall_call_assigned,C3,8,P00212,,
1606.488,hall_call_assigned,C3,5,P00213,,
1607.525,hall_call_assigned,C2,6,P00214,,
1608.2000000000005,board,C1,2,P00211,,2.0
1614.8590000000002,alight,C3,1,P00203,,2.0
1614.8590000000002,alight,C3,1,P00205,,1.0
1614.8590000000002,alight,C3,1,P00208,,0.0
1616.6000000000006,alight,C1,1,P00210,,1.0
1616.6000000000006,alight,C1,1,P00211,,0.0
1622.525,board,C2,6,P00214,,1.0
1628.8590000000002,board,C3,5,P00213,,1.0
1637.738,hall_call_assigned,C3,3,P00215,,
1640.325,alight,C2,1,P00214,,0.0
1641.0590000000002,board,C3,8,P00212,,2.0
1643.283,hall_call_assigned,C1,4,P00216,,
1645.984,hall_call_assigned,C2,5,P00217,,
1646.776,hall_call_assigned,C2,4,P00218,,
1653.283,board,C1,4,P00216,,1.0
1658.2590000000002,board,C3,3,P00215,,3.0
1658.484,board,C2,5,P00217,,1.0
1666.0829999999999,alight,C1,1,P00216,,0.0
1665.684,board,C2,4,P00218,,2.0
1667.279,hall_call_assigned,C1,7,P00219,,
1669.7590000000002,alight,C3,1,P00213,,2.0
1669.7590000000002,alight,C3,1,P00212,,1.0
1669.7590000000002,alight,C3,1,P00215,,0.0
1670.638,hall_call_assigned,C2,3,P00220,,
1679.084,alight,C2,1,P00217,,1.0
1679.084,alight,C2,1,P00218,,0.0
1685.0829999999999,board,C1,7,P00219,,1.0
1688.084,board,C2,3,P00220,,1.0
1697.802,hall_call_assigned,C1,6,P00221,,
1698.384,alight,C2,1,P00220,,0.0
1705.3829999999998,alight,C1,1,P00219,,0.0
1707.497,hall_call_assigned,C3,6,P00222,,
1708.823,hall_call_assigned,C3,5,P00223,,
1710.247,hall_call_assigned,C2,4,P00224,,
1711.29,hall_call_assigned,C3,5,P00225,,
1715.445,hall_call_assigned,C1,8,P00226,,
1720.247,board,C2,4,P00224,,1.0
1721.8829999999998,board,C1,6,P00221,,1.0
1722.497,board,C3,6,P00222,,1.0
1727.409,hall_call_assigned,C1,7,P00227,,
1728.363,hall_call_assigned,C1,6,P00228,,
1729.6970000000001,board,C3,5,P00223,,3.0
1729.6970000000001,board,C3,5,P00225,,3.0
1731.5829999999999,board,C1,8,P00226,,2.0
1733.047,alight,C2,1,P00224,,0.0
1733.966,hall_call_assigned,C3,7,P00229,,
1741.283,board,C1,6,P00228,,3.0
1746.8970000000002,alight,C3,1,P00222,,2.0
1746.8970000000002,alight,C3,1,P00223,,1.0
1746.8970000000002,alight,C3,1,P00225,,0.0
1748.483,board,C1,7,P00227,,4.0
1752.125,hall_call_assigned,C1,8,P00230,,
1754.331,hall_call_assigned,C2,5,P00231,,
1765.8970000000002,board,C3,7,P00229,,1.0
1766.831,board,C2,5,P00231,,1.0
1769.317,hall_call_assigned,C3,6,P00232,,
1770.583,alight,C1,1,P00221,,3.0
1770.583,alight,C1,1,P00226,,2.0
1770.583,alight,C1,1,P00228,,1.0
1770.583,alight,C1,1,P00227,,0.0
1777.086,hall_call_assigned,C2,5,P00233,,
1780.294,hall_call_assigned,C1,2,P00234,,
1782.1309999999999,alight,C2,1,P00231,,0.0
1786.1970000000001,alight,C3,1,P00229,,0.0
1792.083,board,C1,8,P00230,,1.0
1793.517,hall_call_assigned,C2,6,P00235,,
1795.9,hall_call_assigned,C3,7,P00236,,
1796.1309999999999,board,C2,5,P00233,,1.0
1802.6970000000001,board,C3,6,P00232,,1.0
1803.331,board,C2,6,P00235,,2.0
1805.394,hall_call_assigned,C3,2,P00237,,
1806.791,hall_call_assigned,C2,4,P00238,,
1810.167,hall_call_assigned,C2,3,P00239,,
1809.8970000000002,board,C3,7,P00236,,2.0
1811.7830000000001,board,C1,2,P00234,,2.0
1817.036,hall_call_assigned,C1,2,P00240,,
1818.813,hall_call_assigned,C3,4,P00241,,
1820.1830000000002,alight,C1,1,P00230,,1.0
1820.1830000000002,alight,C1,1,P00234,,0.0
1821.731,alight,C2,1,P00233,,1.0
1821.731,alight,C2,1,P00235,,0.0
1826.6830000000002,board,C1,2,P00240,,1.0
1827.0970000000002,board,C3,2,P00237,,3.0
1833.231,board,C2,4,P00238,,1.0
1834.4830000000002,alight,C1,1,P00240,,0.0
1836.498,hall_call_assigned,C3,3,P00242,,
1836.7970000000003,board,C3,4,P00241,,4.0
1840.431,board,C2,3,P00239,,2.0
1843.037,hall_call_assigned,C2,3,P00243,,
1843.9970000000003,board,C3,3,P00242,,5.0
1851.3310000000001,alight,C2,1,P00238,,1.0
1851.3310000000001,alight,C2,1,P00239,,0.0
1853.471,hall_call_assigned,C1,2,P00244,,
1856.6970000000003,alight,C3,1,P00232,,4.0
1856.6970000000003,alight,C3,1,P00236,,3.0
1856.6970000000003,alight,C3,1,P00237,,2.0
1856.6970000000003,alight,C3,1,P00241,,1.0
1856.6970000000003,alight,C3,1,P00242,,0.0
1858.471,board,C1,2,P00244,,1.0
1860.3310000000001,board,C2,3,P00243,,1.0
1866.271,alight,C1,1,P00244,,0.0
1870.631,alight,C2,1,P00243,,0.0
1877.428,hall_call_assigned,C3,2,P00245,,
1882.428,board,C3,2,P00245,,1.0
1884.774,hall_call_assigned,C3,4,P00246,,
1890.228,alight,C3,1,P00245,,0.0
1891.509,hall_call_assigned,C2,5,P00247,,
1891.955,hall_call_assigned,C1,2,P00248,,
1896.955,board,C1,2,P00248,,1.0
1900.745,hall_call_assigned,C1,2,P00249,,
1901.728,board,C3,4,P00246,,1.0
1904.009,board,C2,5,P00247,,1.0
1904.7549999999999,alight,C1,1,P00248,,0.0
1911.2549999999999,board,C1,2,P00249,,1.0
1912.652,hall_call_assigned,C2,8,P00250,,
1914.528,alight,C3,1,P00246,,0.0
1914.696,hall_call_assigned,C1,2,P00251,,
1914.772,hall_call_assigned,C1,8,P00252,,
1919.0549999999998,alight,C1,1,P00249,,0.0
1919.309,alight,C2,1,P00247,,0.0
1920.327,hall_call_assigned,C3,4,P00253,,
1925.5549999999998,board,C1,2,P00251,,1.0
1929.896,hall_call_assigned,C3,4,P00254,,
1930.327,board,C3,4,P00253,,2.0
1930.327,board,C3,4,P00254,,2.0
1940.809,board,C2,8,P00250,,1.0
1943.053,hall_call_assigned,C3,7,P00255,,
1943.143,hall_call_assigned,C2,6,P00256,,
1945.2549999999999,board,C1,8,P00252,,2.0
1947.4270000000001,alight,C3,1,P00253,,1.0
1947.4270000000001,alight,C3,1,P00254,,0.0
1952.202,hall_call_assigned,C1,4,P00257,,
1958.884,hall_call_assigned,C1,7,P00258,,
1963.609,alight,C2,1,P00250,,0.0
1966.4270000000001,board,C3,7,P00255,,1.0
1968.655,alight,C1,1,P00251,,1.0
1968.655,alight,C1,1,P00252,,0.0
1975.159,hall_call_assigned,C3,5,P00259,,
1977.369,hall_call_assigned,C3,8,P00260,,
1980.109,board,C2,6,P00256,,1.0
1983.185,hall_call_assigned,C2,8,P00261,,
1986.727,alight,C3,1,P00255,,0.0
1987.655,board,C1,7,P00258,,1.0
1988.959,hall_call_assigned,C2,4,P00262,,
1997.9089999999999,alight,C2,1,P00256,,0.0
1999.855,board,C1,4,P00257,,2.0
2000.727,board,C3,5,P00259,,1.0
2009.4089999999999,board,C2,4,P00262,,1.0
2013.255,alight,C1,1,P00258,,1.0
2013.255,alight,C1,1,P00257,,0.0
2012.9270000000001,board,C3,8,P00260,,2.0
2015.482,hall_call_assigned,C3,8,P00263,,
2022.592,hall_call_assigned,C2,4,P00264,,
2024.109,board,C2,8,P00261,,2.0
2026.558,hall_call_assigned,C1,4,P00265,,
2031.771,hall_call_assigned,C2,5,P00266,,
2036.3270000000002,alight,C3,1,P00259,,1.0
2036.3270000000002,alight,C3,1,P00260,,0.0
2036.558,board,C1,4,P00265,,1.0
2038.809,board,C2,4,P00264,,3.0
2046.009,board,C2,5,P00266,,4.0
2046.757,hall_call_assigned,C1,7,P00267,,
2047.798,hall_call_assigned,C2,3,P00268,,
2049.3579999999997,alight,C1,1,P00265,,0.0
2050.064,hall_call_assigned,C2,4,P00269,,
2055.709,board,C2,3,P00268,,5.0
2057.827,board,C3,8,P00263,,1.0
2062.9089999999997,board,C2,4,P00269,,6.0
2068.3579999999997,board,C1,7,P00267,,1.0
2069.371,hall_call_assigned,C2,4,P00270,,
2078.7089999999994,alight,C2,1,P00262,,5.0
2078.7089999999994,alight,C2,1,P00261,,4.0
2078.7089999999994,alight,C2,1,P00264,,3.0
2078.7089999999994,alight,C2,1,P00266,,2.0
2078.7089999999994,alight,C2,1,P00268,,1.0
2078.7089999999994,alight,C2,1,P00269,,0.0
2080.627,alight,C3,1,P00263,,0.0
2081.123,hall_call_assigned,C1,4,P00271,,
2088.6579999999994,alight,C1,1,P00267,,0.0
2090.2089999999994,board,C2,4,P00270,,1.0
2095.14,hall_call_assigned,C2,3,P00272,,
2100.1579999999994,board,C1,4,P00271,,1.0
2103.008999999999,alight,C2,1,P00270,,0.0
2104.782,hall_call_assigned,C1,3,P00273,,
2112.008999999999,board,C2,3,P00272,,1.0
2112.957999999999,alight,C1,1,P00271,,0.0
2122.308999999999,alight,C2,1,P00272,,0.0
2121.957999999999,board,C1,3,P00273,,1.0
2124.808,hall_call_assigned,C1,5,P00274,,
2128.176,hall_call_assigned,C1,6,P00275,,
2132.257999999999,alight,C1,1,P00273,,0.0
2142.489,hall_call_assigned,C2,5,P00276,,
2146.257999999999,board,C1,5,P00274,,1.0
2153.4579999999987,board,C1,6,P00275,,2.0
2154.989,board,C2,5,P00276,,1.0
2162.001,hall_call_assigned,C2,5,P00277,,
2169.998,hall_call_assigned,C1,2,P00278,,
2170.2889999999998,alight,C2,1,P00276,,0.0
2171.8579999999984,alight,C1,1,P00274,,1.0
2171.8579999999984,alight,C1,1,P00275,,0.0
2172.738,hall_call_assigned,C2,6,P00279,,
2177.491,hall_call_assigned,C1,3,P00280,,
2177.77,hall_call_assigned,C1,3,P00281,,
2178.3579999999984,board,C1,2,P00278,,1.0
2181.976,hall_call_assigned,C1,8,P00282,,
2184.2889999999998,board,C2,5,P00277,,1.0
2185.557999999998,board,C1,3,P00280,,3.0
2185.557999999998,board,C1,3,P00281,,3.0
2189.654,hall_call_assigned,C1,3,P00283,,
2191.4889999999996,board,C2,6,P00279,,2.0
2203.4579999999983,board,C1,8,P00282,,4.0
2207.195,hall_call_assigned,C1,7,P00284,,
2208.769,hall_call_assigned,C1,8,P00285,,
2208.96,hall_call_assigned,C1,5,P00286,,
2209.888999999999,alight,C2,1,P00277,,1.0
2209.888999999999,alight,C2,1,P00279,,0.0
2219.049,hall_call_assigned,C2,2,P00287,,
2220.657999999998,board,C1,3,P00283,,5.0
2224.049,board,C2,2,P00287,,1.0
2226.47,hall_call_assigned,C2,8,P00288,,
2231.8489999999997,alight,C2,1,P00287,,0.0
2231.855,hall_call_assigned,C3,8,P00289,,
2237.857999999998,board,C1,8,P00285,,6.0
2245.0579999999977,board,C1,7,P00284,,7.0
2248.752,hall_call_assigned,C2,2,P00290,,
2249.15,hall_call_assigned,C3,5,P00291,,
2251.36,hall_call_assigned,C2,4,P00292,,
2251.855,board,C3,8,P00289,,1.0
2253.3489999999997,board,C2,8,P00288,,1.0
2254.7579999999975,board,C1,5,P00286,,8.0
2257.683,hall_call_assigned,C1,2,P00293,,
2264.055,board,C3,5,P00291,,2.0
2268.0489999999995,board,C2,4,P00292,,2.0
2274.2579999999975,alight,C1,1,P00278,,7.0
2274.2579999999975,alight,C1,1,P00280,,6.0
2274.2579999999975,alight,C1,1,P00281,,5.0
2274.2579999999975,alight,C1,1,P00282,,4.0
2274.2579999999975,alight,C1,1,P00283,,3.0
2274.2579999999975,alight,C1,1,P00285,,2.0
2274.2579999999975,alight,C1,1,P00284,,1.0
2274.2579999999975,alight,C1,1,P00286,,0.0
2274.338,hall_call_assigned,C3,2,P00294,,
2277.7489999999993,board,C2,2,P00290,,3.0
2279.9549999999995,alight,C3,1,P00289,,1.0
2279.9549999999995,alight,C3,1,P00291,,0.0
2280.065,hall_call_assigned,C2,7,P00295,,
2280.7579999999975,board,C1,2,P00293,,1.0
2284.597,hall_call_assigned,C1,2,P00296,,
2286.7489999999993,alight,C2,1,P00288,,2.0
2286.7489999999993,alight,C2,1,P00292,,1.0
2286.7489999999993,alight,C2,1,P00290,,0.0
2287.022,hall_call_assigned,C1,7,P00297,,
2286.4549999999995,board,C3,2,P00294,,1.0
2288.5579999999973,alight,C1,1,P00293,,0.0
2294.254999999999,alight,C3,1,P00294,,0.0
2295.0579999999973,board,C1,2,P00296,,1.0
2301.218,hall_call_assigned,C1,2,P00298,,
2305.7489999999993,board,C2,7,P00295,,1.0
2312.257999999997,board,C1,7,P00297,,2.0
2313.722,hall_call_assigned,C3,5,P00299,,
2315.447,hall_call_assigned,C2,3,P00300,,
2319.302,hall_call_assigned,C3,8,P00301,,
2324.519,hall_call_assigned,C1,3,P00302,,
2324.817,hall_call_assigned,C1,7,P00303,,
2326.048999999999,alight,C2,1,P00295,,0.0
2326.222,board,C3,5,P00299,,1.0
2329.457999999997,board,C1,2,P00298,,3.0
2335.048999999999,board,C2,3,P00300,,1.0
2338.422,board,C3,8,P00301,,2.0
2345.348999999999,alight,C2,1,P00300,,0.0
2346.6579999999967,board,C1,7,P00303,,4.0
2351.101,hall_call_assigned,C3,8,P00304,,
2353.758,hall_call_assigned,C1,5,P00305,,
2354.755,hall_call_assigned,C3,7,P00306,,
2355.645,hall_call_assigned,C1,5,P00307,,
2359.616,hall_call_assigned,C2,4,P00308,,
2361.8219999999997,alight,C3,1,P00299,,1.0
2361.8219999999997,alight,C3,1,P00301,,0.0
2361.3579999999965,board,C1,3,P00302,,5.0
2366.092,hall_call_assigned,C1,6,P00309,,
2369.616,board,C2,4,P00308,,1.0
2371.0579999999964,board,C1,5,P00305,,7.0
2371.0579999999964,board,C1,5,P00307,,7.0
2378.9579999999964,board,C1,6,P00309,,8.0
2382.4159999999997,alight,C2,1,P00308,,0.0
2383.3219999999997,board,C3,8,P00304,,1.0
2385.177,hall_call_assigned,C2,7,P00310,,
2385.724,hall_call_assigned,C1,2,P00311,,
2387.392,hall_call_assigned,C3,7,P00312,,
2389.272,hall_call_assigned,C3,7,P00313,,
2391.403,hall_call_assigned,C3,5,P00314,,
2390.5219999999995,board,C3,7,P00306,,4.0
2390.5219999999995,board,C3,7,P00312,,4.0
2390.5219999999995,board,C3,7,P00313,,4.0
2393.642,hall_call_assigned,C3,5,P00315,,
2400.9579999999964,alight,C1,1,P00296,,7.0
2400.9579999999964,alight,C1,1,P00297,,6.0
2400.9579999999964,alight,C1,1,P00298,,5.0
2400.9579999999964,alight,C1,1,P00303,,4.0
2400.9579999999964,alight,C1,1,P00302,,3.0
2400.9579999999964,alight,C1,1,P00305,,2.0
2400.9579999999964,alight,C1,1,P00307,,1.0
2400.9579999999964,alight,C1,1,P00309,,0.0
2402.677,board,C2,7,P00310,,1.0
2404.6219999999994,board,C3,5,P00314,,6.0
2404.6219999999994,board,C3,5,P00315,,6.0
2407.4579999999964,board,C1,2,P00311,,1.0
2415.257999999996,alight,C1,1,P00311,,0.0
2417.782,hall_call_assigned,C2,3,P00316,,
2418.437,hall_call_assigned,C3,7,P00317,,
2418.837,hall_call_assigned,C2,8,P00318,,
2420.903,hall_call_assigned,C3,7,P00319,,
2421.635,hall_call_assigned,C1,7,P00320,,
2422.977,alight,C2,1,P00310,,0.0
2423.6219999999994,alight,C3,1,P00304,,5.0
2423.6219999999994,alight,C3,1,P00306,,4.0
2423.6219999999994,alight,C3,1,P00312,,3.0
2423.6219999999994,alight,C3,1,P00313,,2.0
2423.6219999999994,alight,C3,1,P00314,,1.0
2423.6219999999994,alight,C3,1,P00315,,0.0
2431.977,board,C2,3,P00316,,1.0
2437.037,hall_call_assigned,C2,4,P00321,,
2437.753,hall_call_assigned,C3,2,P00322,,
2439.135,board,C1,7,P00320,,1.0
2442.6219999999994,board,C3,7,P00317,,2.0
2442.6219999999994,board,C3,7,P00319,,2.0
2449.1769999999997,board,C2,8,P00318,,2.0
2454.618,hall_call_assigned,C1,7,P00323,,
2459.435,alight,C1,1,P00320,,0.0
2459.995,hall_call_assigned,C3,4,P00324,,
2460.207,hall_call_assigned,C2,3,P00325,,
2460.5219999999995,board,C3,2,P00322,,3.0
2463.266,hall_call_assigned,C3,7,P00326,,
2463.8769999999995,board,C2,4,P00321,,3.0
2469.5219999999995,alight,C3,1,P00317,,2.0
2469.5219999999995,alight,C3,1,P00319,,1.0
2469.5219999999995,alight,C3,1,P00322,,0.0
2470.209,hall_call_assigned,C3,7,P00327,,
2471.0769999999993,board,C2,3,P00325,,4.0
2472.125,hall_call_assigned,C1,2,P00328,,
2475.944,hall_call_assigned,C2,4,P00329,,
2477.182,hall_call_assigned,C2,6,P00330,,
2478.435,board,C1,7,P00323,,1.0
2479.905,hall_call_assigned,C1,8,P00331,,
2481.0219999999995,board,C3,4,P00324,,1.0
2483.176999999999,alight,C2,1,P00316,,3.0
2483.176999999999,alight,C2,1,P00318,,2.0
2483.176999999999,alight,C2,1,P00321,,1.0
2483.176999999999,alight,C2,1,P00325,,0.0
2484.389,hall_call_assigned,C1,7,P00332,,
2485.6349999999998,board,C1,8,P00331,,2.0
2492.8349999999996,board,C1,7,P00332,,3.0
2493.2219999999993,board,C3,7,P00326,,3.0
2493.2219999999993,board,C3,7,P00327,,3.0
2494.676999999999,board,C2,4,P00329,,1.0
2504.376999999999,board,C2,6,P00330,,2.0
2506.485,hall_call_assigned,C2,5,P00333,,
2507.263,hall_call_assigned,C2,2,P00334,,
2510.0349999999994,board,C1,2,P00328,,4.0
2511.576999999999,board,C2,5,P00333,,3.0
2515.4219999999996,alight,C3,1,P00324,,2.0
2515.4219999999996,alight,C3,1,P00326,,1.0
2515.4219999999996,alight,C3,1,P00327,,0.0
2519.6349999999993,alight,C1,1,P00323,,3.0
2519.6349999999993,alight,C1,1,P00331,,2.0
2519.6349999999993,alight,C1,1,P00332,,1.0
2519.6349999999993,alight,C1,1,P00328,,0.0
2523.7769999999987,board,C2,2,P00334,,4.0
2525.98,hall_call_assigned,C2,5,P00335,,
2527.972,hall_call_assigned,C1,6,P00336,,
2532.522,hall_call_assigned,C1,2,P00337,,
2533.3769999999986,alight,C2,1,P00329,,3.0
2533.3769999999986,alight,C2,1,P00330,,2.0
2533.3769999999986,alight,C2,1,P00333,,1.0
2533.3769999999986,alight,C2,1,P00334,,0.0
2542.972,board,C1,6,P00336,,1.0
2544.842,hall_call_assigned,C3,3,P00338,,
2547.36,hall_call_assigned,C2,8,P00339,,
2547.3769999999986,board,C2,5,P00335,,1.0
2548.38,hall_call_assigned,C3,8,P00340,,
2548.756,hall_call_assigned,C1,4,P00341,,
2552.342,board,C3,3,P00338,,1.0
2557.067,hall_call_assigned,C2,4,P00342,,
2557.672,board,C1,2,P00337,,2.0
2559.5769999999984,board,C2,8,P00339,,2.0
2567.372,board,C1,4,P00341,,3.0
2568.099,hall_call_assigned,C1,2,P00343,,
2569.542,board,C3,8,P00340,,2.0
2574.276999999998,board,C2,4,P00342,,3.0
2577.0719999999997,board,C1,2,P00343,,4.0
2577.785,hall_call_assigned,C2,8,P00344,,
2578.111,hall_call_assigned,C2,3,P00345,,
2578.556,hall_call_assigned,C2,4,P00346,,
2582.279,hall_call_assigned,C1,3,P00347,,
2586.6719999999996,alight,C1,1,P00336,,3.0
2586.6719999999996,alight,C1,1,P00337,,2.0
2586.6719999999996,alight,C1,1,P00341,,1.0
2586.6719999999996,alight,C1,1,P00343,,0.0
2587.107,hall_call_assigned,C3,2,P00348,,
2588.276999999998,alight,C2,1,P00335,,2.0
2588.276999999998,alight,C2,1,P00339,,1.0
2588.276999999998,alight,C2,1,P00342,,0.0
2591.106,hall_call_assigned,C1,4,P00349,,
2592.9419999999996,alight,C3,1,P00338,,1.0
2592.9419999999996,alight,C3,1,P00340,,0.0
2596.07,hall_call_assigned,C1,8,P00350,,
2595.6719999999996,board,C1,3,P00347,,1.0
2599.4419999999996,board,C3,2,P00348,,1.0
2599.776999999998,board,C2,4,P00346,,1.0
2602.8719999999994,board,C1,4,P00349,,2.0
2605.822,hall_call_assigned,C1,7,P00351,,
2607.2419999999993,alight,C3,1,P00348,,0.0
2607.657,hall_call_assigned,C1,4,P00352,,
2614.476999999998,board,C2,8,P00344,,2.0
2617.571999999999,board,C1,8,P00350,,3.0
2619.246,hall_call_assigned,C2,7,P00353,,
2629.116,hall_call_assigned,C2,7,P00354,,
2631.666,hall_call_assigned,C3,5,P00355,,
2631.676999999998,board,C2,3,P00345,,3.0
2632.271999999999,board,C1,4,P00352,,4.0
2644.166,board,C3,5,P00355,,1.0
2644.471999999999,board,C1,7,P00351,,5.0
2645.172,hall_call_assigned,C3,2,P00356,,
2646.473,hall_call_assigned,C2,4,P00357,,
2646.3769999999977,board,C2,7,P00353,,5.0
2646.3769999999977,board,C2,7,P00354,,5.0
2653.471,hall_call_assigned,C1,2,P00358,,
2655.105,hall_call_assigned,C1,6,P00359,,
2656.366,board,C3,2,P00356,,2.0
2659.2769999999978,board,C2,4,P00357,,6.0
2660.34,hall_call_assigned,C3,8,P00360,,
2664.7659999999996,alight,C3,1,P00355,,1.0
2664.7659999999996,alight,C3,1,P00356,,0.0
2667.1719999999987,alight,C1,1,P00347,,4.0
2667.1719999999987,alight,C1,1,P00349,,3.0
2667.1719999999987,alight,C1,1,P00350,,2.0
2667.1719999999987,alight,C1,1,P00352,,1.0
2667.1719999999987,alight,C1,1,P00351,,0.0
2675.0769999999975,alight,C2,1,P00346,,5.0
2675.0769999999975,alight,C2,1,P00344,,4.0
2675.0769999999975,alight,C2,1,P00345,,3.0
2675.0769999999975,alight,C2,1,P00353,,2.0
2675.0769999999975,alight,C2,1,P00354,,1.0
2675.0769999999975,alight,C2,1,P00357,,0.0
2683.6719999999987,board,C1,6,P00359,,1.0
2686.2659999999996,board,C3,8,P00360,,1.0
2698.3719999999985,board,C1,2,P00358,,2.0
2706.771999999998,alight,C1,1,P00359,,1.0
2706.771999999998,alight,C1,1,P00358,,0.0
2709.0659999999993,alight,C3,1,P00360,,0.0
2722.13,hall_call_assigned,C3,5,P00361,,
2727.91,hall_call_assigned,C1,2,P00362,,
2732.91,board,C1,2,P00362,,1.0
2734.63,board,C3,5,P00361,,1.0
2740.7099999999996,alight,C1,1,P00362,,0.0
2749.93,alight,C3,1,P00361,,0.0
2752.82,hall_call_assigned,C1,4,P00363,,
2762.82,board,C1,4,P00363,,1.0
2766.681,hall_call_assigned,C1,4,P00364,,
2769.186,hall_call_assigned,C1,7,P00365,,
2775.62,alight,C1,1,P00363,,0.0
2782.157,hall_call_assigned,C2,2,P00366,,
2787.12,board,C1,4,P00364,,1.0
2787.157,board,C2,2,P00366,,1.0
2794.957,alight,C2,1,P00366,,0.0
2799.3199999999997,board,C1,7,P00365,,2.0
2810.204,hall_call_assigned,C1,8,P00367,,
2820.2199999999993,alight,C1,1,P00364,,1.0
2820.2199999999993,alight,C1,1,P00365,,0.0
2821.211,hall_call_assigned,C2,7,P00368,,
2822.602,hall_call_assigned,C1,3,P00369,,
2831.262,hall_call_assigned,C2,2,P00370,,
2838.711,board,C2,7,P00368,,1.0
2841.7199999999993,board,C1,8,P00367,,1.0
2842.605,hall_call_assigned,C2,6,P00371,,
2855.9109999999996,board,C2,2,P00370,,2.0
2858.919999999999,board,C1,3,P00369,,2.0
2862.667,hall_call_assigned,C1,6,P00372,,
2866.921,hall_call_assigned,C2,3,P00373,,
2869.819999999999,alight,C1,1,P00367,,1.0
2869.819999999999,alight,C1,1,P00369,,0.0
2870.6109999999994,board,C2,6,P00371,,3.0
2874.501,hall_call_assigned,C3,8,P00374,,
2876.874,hall_call_assigned,C2,4,P00375,,
2882.8109999999992,board,C2,3,P00373,,4.0
2886.319999999999,board,C1,6,P00372,,1.0
2890.010999999999,board,C2,4,P00375,,5.0
2894.501,board,C3,8,P00374,,1.0
2898.878,hall_call_assigned,C3,4,P00376,,
2904.1199999999985,alight,C1,1,P00372,,0.0
2904.231,hall_call_assigned,C1,2,P00377,,
2905.210999999999,alight,C2,1,P00368,,4.0
2905.210999999999,alight,C2,1,P00370,,3.0
2905.210999999999,alight,C2,1,P00371,,2.0
2905.210999999999,alight,C2,1,P00373,,1.0
2905.210999999999,alight,C2,1,P00375,,0.0
2906.693,hall_call_assigned,C3,3,P00378,,
2906.983,hall_call_assigned,C3,7,P00379,,
2907.702,hall_call_assigned,C2,4,P00380,,
2907.704,hall_call_assigned,C1,5,P00381,,
2908.866,hall_call_assigned,C2,6,P00382,,
2909.725,hall_call_assigned,C1,6,P00383,,
2910.6199999999985,board,C1,2,P00377,,1.0
2914.292,hall_call_assigned,C1,8,P00384,,
2914.965,hall_call_assigned,C1,6,P00385,,
2917.301,alight,C3,1,P00374,,0.0
2917.702,board,C2,4,P00380,,1.0
2922.049,hall_call_assigned,C2,8,P00386,,
2922.8199999999983,board,C1,5,P00381,,2.0
2927.402,board,C2,6,P00382,,2.0
2930.019999999998,board,C1,6,P00383,,4.0
2930.019999999998,board,C1,6,P00385,,4.0
2936.301,board,C3,7,P00379,,1.0
2937.102,board,C2,8,P00386,,3.0
2940.4199999999983,board,C1,8,P00384,,5.0
2948.5009999999997,board,C3,4,P00376,,2.0
2955.7009999999996,board,C3,3,P00378,,3.0
2959.045,hall_call_assigned,C1,8,P00387,,
2961.102,alight,C2,1,P00380,,2.0
2961.102,alight,C2,1,P00382,,1.0
2961.102,alight,C2,1,P00386,,0.0
2965.619999999998,alight,C1,1,P00377,,4.0
2965.619999999998,alight,C1,1,P00381,,3.0
2965.619999999998,alight,C1,1,P00383,,2.0
2965.619999999998,alight,C1,1,P00385,,1.0
2965.619999999998,alight,C1,1,P00384,,0.0
2967.2009999999996,alight,C3,1,P00379,,2.0
2967.2009999999996,alight,C3,1,P00376,,1.0
2967.2009999999996,alight,C3,1,P00378,,0.0
2987.119999999998,board,C1,8,P00387,,1.0
2994.114,hall_call_assigned,C1,3,P00388,,
2998.105,hall_call_assigned,C1,6,P00389,,
3001.995,hall_call_assigned,C3,6,P00390,,
3009.919999999998,alight,C1,1,P00387,,0.0
3011.234,hall_call_assigned,C2,4,P00391,,
3016.995,board,C3,6,P00390,,1.0
3021.234,board,C2,4,P00391,,1.0
3025.907,hall_call_assigned,C3,6,P00392,,
3026.419999999998,board,C1,6,P00389,,1.0
3034.0339999999997,alight,C2,1,P00391,,0.0
3034.7949999999996,alight,C3,1,P00390,,0.0
3038.894,hall_call_assigned,C2,6,P00393,,
3038.6199999999976,board,C1,3,P00388,,2.0
3044.549,hall_call_assigned,C1,8,P00394,,
3049.5199999999973,alight,C1,1,P00389,,1.0
3049.5199999999973,alight,C1,1,P00388,,0.0
3051.2949999999996,board,C3,6,P00392,,1.0
3053.894,board,C2,6,P00393,,1.0
3061.377,hall_call_assigned,C2,4,P00395,,
3069.0949999999993,alight,C3,1,P00392,,0.0
3071.6939999999995,alight,C2,1,P00393,,0.0
3071.0199999999973,board,C1,8,P00394,,1.0
3083.1939999999995,board,C2,4,P00395,,1.0
3086.018,hall_call_assigned,C2,4,P00396,,
3093.819999999997,alight,C1,1,P00394,,0.0
3095.9939999999992,alight,C2,1,P00395,,0.0
3102.155,hall_call_assigned,C1,7,P00397,,
3107.4939999999992,board,C2,4,P00396,,1.0
3114.425,hall_call_assigned,C2,4,P00398,,
3118.884,hall_call_assigned,C3,2,P00399,,
3119.704,hall_call_assigned,C3,3,P00400,,
3120.293999999999,alight,C2,1,P00396,,0.0
3119.655,board,C1,7,P00397,,1.0
3123.884,board,C3,2,P00399,,1.0
3131.084,board,C3,3,P00400,,2.0
3131.793999999999,board,C2,4,P00398,,1.0
3139.955,alight,C1,1,P00397,,0.0
3141.9839999999995,alight,C3,1,P00399,,1.0
3141.9839999999995,alight,C3,1,P00400,,0.0
3144.5939999999987,alight,C2,1,P00398,,0.0
3152.814,hall_call_assigned,C1,3,P00401,,
3160.314,board,C1,3,P00401,,1.0
3170.6139999999996,alight,C1,1,P00401,,0.0
3177.195,hall_call_assigned,C2,8,P00402,,
3185.982,hall_call_assigned,C2,2,P00403,,
3194.484,hall_call_assigned,C1,3,P00404,,
3194.828,hall_call_assigned,C1,2,P00405,,
3197.195,board,C2,8,P00402,,1.0
3198.815,hall_call_assigned,C1,4,P00406,,
3201.032,hall_call_assigned,C3,2,P00407,,
3201.984,board,C1,3,P00404,,1.0
3206.032,board,C3,2,P00407,,1.0
3208.629,hall_call_assigned,C2,8,P00408,,
3209.1839999999997,board,C1,4,P00406,,2.0
3213.832,alight,C3,1,P00407,,0.0
3214.342,hall_call_assigned,C3,7,P00409,,
3216.895,board,C2,2,P00403,,2.0
3219.301,hall_call_assigned,C2,5,P00410,,
3218.8839999999996,board,C1,2,P00405,,3.0
3219.66,hall_call_assigned,C1,2,P00411,,
3222.5839999999994,board,C1,2,P00411,,4.0
3226.743,hall_call_assigned,C1,2,P00412,,
3232.1839999999993,alight,C1,1,P00404,,3.0
3232.1839999999993,alight,C1,1,P00406,,2.0
3232.1839999999993,alight,C1,1,P00405,,1.0
3232.1839999999993,alight,C1,1,P00411,,0.0
3232.832,board,C3,7,P00409,,1.0
3236.595,board,C2,8,P00408,,3.0
3238.6839999999993,board,C1,2,P00412,,1.0
3246.483999999999,alight,C1,1,P00412,,0.0
3246.614,hall_call_assigned,C1,2,P00413,,
3248.7949999999996,board,C2,5,P00410,,4.0
3253.1319999999996,alight,C3,1,P00409,,0.0
3252.983999999999,board,C1,2,P00413,,1.0
3254.034,hall_call_assigned,C2,6,P00414,,
3259.676,hall_call_assigned,C1,4,P00415,,
3260.7839999999987,alight,C1,1,P00413,,0.0
3263.416,hall_call_assigned,C1,5,P00416,,
3265.8949999999995,alight,C2,1,P00402,,3.0
3265.8949999999995,alight,C2,1,P00403,,2.0
3265.8949999999995,alight,C2,1,P00408,,1.0
3265.8949999999995,alight,C2,1,P00410,,0.0
3272.2839999999987,board,C1,4,P00415,,1.0
3276.881,hall_call_assigned,C1,4,P00417,,
3279.4839999999986,board,C1,5,P00416,,2.0
3282.3949999999995,board,C2,6,P00414,,1.0
3286.6839999999984,board,C1,4,P00417,,3.0
3300.1949999999993,alight,C2,1,P00414,,0.0
3300.6839999999984,alight,C1,1,P00415,,2.0
3300.6839999999984,alight,C1,1,P00416,,1.0
3300.6839999999984,alight,C1,1,P00417,,0.0
3302.568,hall_call_assigned,C1,8,P00418,,
3320.833,hall_call_assigned,C2,8,P00419,,
3322.568,board,C1,8,P00418,,1.0
3331.028,hall_call_assigned,C1,7,P00420,,
3335.093,hall_call_assigned,C1,8,P00421,,
3336.034,hall_call_assigned,C1,8,P00422,,
3340.833,board,C2,8,P00419,,1.0
3345.368,alight,C1,1,P00418,,0.0
3350.952,hall_call_assigned,C2,3,P00423,,
3354.852,hall_call_assigned,C2,8,P00424,,
3363.633,alight,C2,1,P00419,,0.0
3366.868,board,C1,8,P00421,,2.0
3366.868,board,C1,8,P00422,,2.0
3374.768,board,C1,7,P00420,,3.0
3375.727,hall_call_assigned,C1,5,P00425,,
3384.468,board,C1,5,P00425,,4.0
3385.133,board,C2,8,P00424,,1.0
3387.161,hall_call_assigned,C3,2,P00426,,
3389.784,hall_call_assigned,C3,2,P00427,,
3392.161,board,C3,2,P00426,,2.0
3392.161,board,C3,2,P00427,,2.0
3401.5679999999998,alight,C1,1,P00421,,3.0
3401.5679999999998,alight,C1,1,P00422,,2.0
3401.5679999999998,alight,C1,1,P00420,,1.0
3401.5679999999998,alight,C1,1,P00425,,0.0
3401.862,hall_call_assigned,C1,8,P00428,,
3402.3329999999996,board,C2,3,P00423,,2.0
3404.261,alight,C3,1,P00426,,1.0
3404.261,alight,C3,1,P00427,,0.0
3409.958,hall_call_assigned,C2,8,P00429,,
3413.2329999999993,alight,C2,1,P00424,,1.0
3413.2329999999993,alight,C2,1,P00423,,0.0
3416.425,hall_call_assigned,C2,3,P00430,,
3417.84,hall_call_assigned,C1,6,P00431,,
3421.017,hall_call_assigned,C3,3,P00432,,
3423.0679999999998,board,C1,8,P00428,,1.0
3428.517,board,C3,3,P00432,,1.0
3432.7679999999996,board,C1,6,P00431,,2.0
3434.7329999999993,board,C2,8,P00429,,1.0
3438.8169999999996,alight,C3,1,P00432,,0.0
3441.301,hall_call_assigned,C1,5,P00433,,
3443.173,hall_call_assigned,C1,4,P00434,,
3448.802,hall_call_assigned,C2,6,P00435,,
3451.167999999999,alight,C1,1,P00428,,1.0
3451.167999999999,alight,C1,1,P00431,,0.0
3451.932999999999,board,C2,3,P00430,,2.0
3461.431,hall_call_assigned,C2,4,P00436,,
3464.132999999999,board,C2,6,P00435,,3.0
3465.167999999999,board,C1,5,P00433,,1.0
3472.367999999999,board,C1,4,P00434,,2.0
3473.8329999999987,board,C2,4,P00436,,4.0
3485.7679999999987,alight,C1,1,P00433,,1.0
3485.7679999999987,alight,C1,1,P00434,,0.0
3488.4329999999986,alight,C2,1,P00429,,3.0
3488.4329999999986,alight,C2,1,P00430,,2.0
3488.4329999999986,alight,C2,1,P00435,,1.0
3488.4329999999986,alight,C2,1,P00436,,0.0
3493.359,hall_call_assigned,C3,2,P00437,,
3495.168,hall_call_assigned,C1,5,P00438,,
3498.359,board,C3,2,P00437,,1.0
3506.1589999999997,alight,C3,1,P00437,,0.0
3507.668,board,C1,5,P00438,,1.0
3522.855,hall_call_assigned,C3,5,P00439,,
3522.968,alight,C1,1,P00438,,0.0
3531.022,hall_call_assigned,C1,7,P00440,,
3535.355,board,C3,5,P00439,,1.0
3547.354,hall_call_assigned,C3,4,P00441,,
3548.522,board,C1,7,P00440,,1.0
3550.6549999999997,alight,C3,1,P00439,,0.0
3552.164,hall_call_assigned,C1,4,P00442,,
3562.1549999999997,board,C3,4,P00441,,1.0
3566.094,hall_call_assigned,C3,6,P00443,,
3568.8219999999997,alight,C1,1,P00440,,0.0
3574.9549999999995,alight,C3,1,P00441,,0.0
3578.029,hall_call_assigned,C1,7,P00444,,
3580.267,hall_call_assigned,C1,7,P00445,,
3580.3219999999997,board,C1,4,P00442,,1.0
3582.871,hall_call_assigned,C1,5,P00446,,
3591.4549999999995,board,C3,6,P00443,,1.0
3592.5219999999995,board,C1,7,P00444,,3.0
3592.5219999999995,board,C1,7,P00445,,3.0
3602.9219999999996,board,C1,5,P00446,,4.0
3605.171,hall_call_assigned,C1,5,P00447,,
3609.254999999999,alight,C3,1,P00443,,0.0
3615.642,hall_call_assigned,C1,7,P00448,,
3620.0219999999995,alight,C1,1,P00442,,3.0
3620.0219999999995,alight,C1,1,P00444,,2.0
3620.0219999999995,alight,C1,1,P00445,,1.0
3620.0219999999995,alight,C1,1,P00446,,0.0
3629.784,hall_call_assigned,C2,4,P00449,,
3634.0219999999995,board,C1,5,P00447,,1.0
3637.924,hall_call_assigned,C2,2,P00450,,
3639.784,board,C2,4,P00449,,1.0
3643.7219999999993,board,C1,7,P00448,,2.0
3646.886,hall_call_assigned,C3,8,P00451,,
3648.381,hall_call_assigned,C3,2,P00452,,
3649.484,board,C2,2,P00450,,2.0
3656.799,hall_call_assigned,C1,6,P00453,,
3657.8839999999996,alight,C2,1,P00449,,1.0
3657.8839999999996,alight,C2,1,P00450,,0.0
3664.621999999999,alight,C1,1,P00447,,1.0
3664.621999999999,alight,C1,1,P00448,,0.0
3666.886,board,C3,8,P00451,,1.0
3669.156,hall_call_assigned,C3,8,P00454,,
3676.341,hall_call_assigned,C1,4,P00455,,
3681.121999999999,board,C1,6,P00453,,1.0
3686.586,board,C3,2,P00452,,2.0
3690.8219999999988,board,C1,4,P00455,,2.0
3696.615,hall_call_assigned,C3,3,P00456,,
3701.435,hall_call_assigned,C1,5,P00457,,
3704.2219999999984,alight,C1,1,P00453,,1.0
3704.2219999999984,alight,C1,1,P00455,,0.0
3706.2859999999996,board,C3,8,P00454,,3.0
3718.2219999999984,board,C1,5,P00457,,1.0
3723.4859999999994,board,C3,3,P00456,,4.0
3733.521999999998,alight,C1,1,P00457,,0.0
3735.5859999999993,alight,C3,1,P00451,,3.0
3735.5859999999993,alight,C3,1,P00452,,2.0
3735.5859999999993,alight,C3,1,P00454,,1.0
3735.5859999999993,alight,C3,1,P00456,,0.0
3778.065,hall_call_assigned,C1,6,P00458,,
3779.044,hall_call_assigned,C3,3,P00459,,
3782.416,hall_call_assigned,C3,5,P00460,,
3786.544,board,C3,3,P00459,,1.0
3791.658,hall_call_assigned,C2,2,P00461,,
3793.065,board,C1,6,P00458,,1.0
3796.2439999999997,board,C3,5,P00460,,2.0
3796.658,board,C2,2,P00461,,1.0
3804.4579999999996,alight,C2,1,P00461,,0.0
3809.966,hall_call_assigned,C2,5,P00462,,
3810.865,alight,C1,1,P00458,,0.0
3812.1439999999993,alight,C3,1,P00459,,1.0
3812.1439999999993,alight,C3,1,P00460,,0.0
3815.328,hall_call_assigned,C1,4,P00463,,
3819.537,hall_call_assigned,C3,3,P00464,,
3822.466,board,C2,5,P00462,,1.0
3823.856,hall_call_assigned,C2,4,P00465,,
3825.575,hall_call_assigned,C1,5,P00466,,
3825.328,board,C1,4,P00463,,1.0
3827.037,board,C3,3,P00464,,1.0
3829.6659999999997,board,C2,4,P00465,,2.0
3832.528,board,C1,5,P00466,,2.0
3834.61,hall_call_assigned,C1,8,P00467,,
3837.3369999999995,alight,C3,1,P00464,,0.0
3843.0659999999993,alight,C2,1,P00462,,1.0
3843.0659999999993,alight,C2,1,P00465,,0.0
3844.7279999999996,board,C1,8,P00467,,3.0
3851.089,hall_call_assigned,C2,4,P00468,,
3861.089,board,C2,4,P00468,,1.0
3868.7279999999996,alight,C1,1,P00463,,2.0
3868.7279999999996,alight,C1,1,P00466,,1.0
3868.7279999999996,alight,C1,1,P00467,,0.0
3873.8889999999997,alight,C2,1,P00468,,0.0
3886.753,hall_call_assigned,C2,3,P00469,,
3887.079,hall_call_assigned,C2,7,P00470,,
3891.106,hall_call_assigned,C1,3,P00471,,
3894.253,board,C2,3,P00469,,1.0
3898.606,board,C1,3,P00471,,1.0
3908.906,alight,C1,1,P00471,,0.0
3908.953,board,C2,7,P00470,,2.0
3929.8529999999996,alight,C2,1,P00469,,1.0
3929.8529999999996,alight,C2,1,P00470,,0.0
